State,Range
New Hampshire,"[001-003]"
Maine,"[004-007]"
Vermont,"[008-009]"
Massachusetts,"[010-034]"
Rhode Island,"[035-039]"
Connecticut,"[040-049]"
New York,"[050-134]"
New Jersey,"[135-158]"
Pennsylvania,"[159-211]"
Maryland,"[212-220]"
Delaware,"[221-222]"
Virginia,"[223-231,691-699]"
West Virginia,"[232-236]"
North Carolina,"[232,237-246]"
South Carolina,"[247-251,681-690,654-658]"
Georgia,"[252-260,667-675]"
Florida,"[261-267,589-595]"
Ohio,"[268-302,766-772]"
Indiana,"[303-317]"
Illinois,"[318-361]"
Michigan,"[362-386]"
Wisconsin,"[387-399]"
Kentucky,"[400-407]"
Tennessee,"[408-415,756-763]"
Alabama,"[416-424]"
Mississippi,"[425-428,587-588]"
Arkansas,"[429-432,752-755,676-679]"
Louisiana,"[433-439,659-665]"
Oklahoma,"[440-448]"
Texas,"[449-467,627-645]"
Minnesota,"[468-477]"
Iowa,"[478-485]"
Missouri,"[486-500]"
North Dakota,"[501-502]"
South Dakota,"[503-504]"
Nebraska,"[505-508]"
Kansas,"[509-515]"
Montana,"[516-517]"
Idaho,"[518-519]"
Wyoming,"[520]"
Colorado,"[521-524,650-653]"
New Mexico,"[525,585,648-649]"
Arizona,"[526-527,600-601]"
Utah,"[528-529,764-765,646-647]"
Nevada,"[530,680]"
Washington,"[531-539]"
Oregon,"[540-544]"
California,"[545-573,602-626]"
Alaska,"[574]"
Hawaii,"[575-576,750-751]"
District of Columbia,"[577-579]"
Virgin Islands,"[580]"
Puerto Rico,"[580-584,596-599]"
Guam,"[586]"
American Samoa,"[586]"
Philippine Islands,"[586]"
Railroad Board,"[700-728]"
Enumeration at Entry,"[729-733]"