first_name,nickname
ADRIAN,ADRI
ADRIAN,ADRIANCITO
ALBERTO,AL
ALBERTO,ALBERT
ALBERTO,ALBY
ALBERTO,BETO
ALBERTO,BEBETO
ALBERTO,BETIN
ALEJANDRO,ALEX
ALEJANDRO,ALEJO
ALEJANDRO,JANDO
ALEJANDRO,JANDRO
ALFONSO,PONCHO
ALFONSO,MONCHO
ALFONSO,FONSO
ANASTASIO,TACHO
ANTONIO,TONY
ANTONIO,TONO
ANTONIO,TONITO
BENJAMIN,BEN
BENJAMIN,BENNY
BENJAMIN,BENJA
BENJAMIN,BENJAMON
BENJAMIN,BENJI
BENJAMIN,CHAMIN
BENJAMIN,MINCHO
BERNARDO,BERNA
BERNARDO,BERNI
CARLOS,CARLANGAS
CARLOS,CARLITOS
CARLOS,CHARLY
CARLOS,CHARLES
CUAUHTEMOC,TEMO
DANIEL,DANI
EDUARDO,EDU
EDUARDO,EDUARDITOEDDY
EDUARDO,LALO
EDUARDO,YAYO
EMILIO,EMI
EMILIO,MILO
EMMANUEL,EMMA
EMMANUEL,MANE
EMMANUEL,MANU
EMMANUEL,MANY
ENRIQUE,QUIQUE
ENRIQUE,RICKY
ENRIQUE,ROQUE
ENRIQUE,
ERNESTO,ERNI
ERNESTO,NESTI
ERNESTO,NESTOR
ERNESTO,NETO
FABIAN,FABIANCITO
FABIAN,FITO
FEDERICO,FEDE
FEDERICO,FREDDY
FEDERICO,KIKO
FEDERICO,KIKI
FELIPE,FELI
FELIPE,FELIPIN
FELIPE,GELIPE
FELIPE,PIPE
FELIPE,PIPO
FERNANDO,FER
FERNANDO,FERCHO
FERNANDO,FERNA
FERNANDO,FERNANDITO
FERNANDO,FERNY
FRANCISCO,CISCO
FRANCISCO,CHISCO
FRANCISCO,CURRO
FRANCISCO,FRAN
FRANCISCO,FRANCIS
FRANCISCO,FRANCO
FRANCISCO,FRANCHU
FRANCISCO,FRANK
FRANCISCO,PACO
FRANCISCO,PANCHO
FRANCISCO,PAQUITO
FRANCISCO,QUICO
GABRIEL,GABY
GABRIEL,GABITO
GABRIEL,GABO
GERARDO,GERA
GERARDO,GERARDITO
GERARDO,GERRY
GREGORIO,GREGO
GREGORIO,GREGOR
GREGORIO,GOYO
GREGORIO,GOYITO
GUADALUPE,LUPE
GUADALUPE,LUPILLO
GUADALUPE,LUPITO
GUILLERMO,GUILLE
GUILLERMO,MEMIN
GUILLERMO,MEMO
GUSTAVO,GUS
GUSTAVO,TAVITO
GUSTAVO,TAVO
IGNACIO,NACHO
IGNACIO,NACHIN
IGNACIO,IGNA
IGNACIO,INAKI
IGNACIO,NACO
ISMAEL,ISMA
JESUS,CHUCHO
JESUS,CHUY
JESUS,CHUYITO
JESUS,CHUS
JOAQUIN,JOACO
JOAQUIN,CHIMO
JOAQUIN,KIKIN
JOAQUIN,QUINO
JOAQUIN,QUINCHO
JORGE,COCO
JORGE,COQUE
JOSE,CHEPE
JOSE,JOSECITO
JOSE,PEPE
JOSE,PEPITO
JOSEMARIA,CHEMA
JOSEMARIA,JOSEMA
JOSEMARIA,PEPEMARIA
JOSERAMON,JOSERRA
JOSUE,CHE
JOSUE,JOS
JOSUE,JOSH
JUAN,JUANCHI
JUAN,JUANCHO
JUAN,JUANELO
JUANCARLOS,JUANCA
JUANCARLOS,JUANCAR
JUANPABLO,JUAMPA
JUANPABLO,JUAMPI
JUANPABLO,JUAMPIS
LUIS,GÜICHO
LUIS,LUCHO
LUIS,LUISITO
LUISFERNANDO,LUISFER
LUISMIGUEL,LUISMI
MIGUEL,MIGUE
MIGUEL,MIGUELON
MIGUEL,MIKE
MIGUEL,MIKE
MIGUEL,MIKI
MOISES,MOI
MOISES,MOICAS
MOISES,MOY
NICOLAS,NICO
NICOLAS,COLATE
NICOLAS,COLACHO
NICOLAS,NIKI
PATRICIO,PATO
PEDRO,PERICO
PEDRO,PEDRUCHO
PEDRO,PETER
RAMIRO,RAMI
RAMIRO,RAMIS
RAMON,MONCHE
RAMON,MONCHO
RAMON,MONCHITO
RAUL,RAULITO
RAUL,RULAS
RAUL,RULIS
RAUL,RULO
RAUL,RULY
RICARDO,KIKI
RICARDO,RICA
RICARDO,RICHAR
RICARDO,RICHI
RICARDO,RICKY
ROBERTO,BETO
ROBERTO,BOBBY
ROBERTO,ROBER
ROLANDO,ROLA
ROLANDO,ROLAN
ROLANDO,ROLO
SALVADOR,CHAVA
SALVADOR,CHAVITA
SALVADOR,SAL
SALVADOR,SALVA
SERGIO,CHECO
SERGIO,CHECHO
SERGIO,KEKO
SERGIO,SERCH
SERGIO,YAYO
SERGIO,YAYITO
VICENTE,CHANDE
VICENTE,CHENTE
VICENTE,CHELO
VICENTE,VICO
VICENTE,VITE
VICTOR,VIC
VICTOR,VICO
VICTOR,VITOLO
ADRIANA,ADRI
ALICIA,ALI
ALICIA,LICHA
ANALUCIA,ANALU
ANAPAULA,ANAPAU
ANDREA,ANDI
ANDREA,NEA
BARBARA,BAR
BARBARA,BARBI
BEATRIZ,BEA
BEATRIZ,BETY
BERENICE,BERE
CAROLINA,CARITO
CAROLINA,CARO
CAROLINA,CAROL
CAROLINA,CAROLA
CAROLINA,LINA
CECILIA,CECI
CECILIA,CECIL
CECILIA,CHECHI
CECILIA,CHECHU
CECILIA,
CRISTINA,CRIS
CRISTINA,CRISTI
CRISTINA,CRISTINITA
CRISTINA,TINA
CONCEPCION,CONCE
CONCEPCION,CONCHA
CONCEPCION,CONCHIS
CONCEPCION,CONCHITA
CONSTANZA,CONI
CONSTANZA,COTI
CONSUELO,CHELO
DANIELA,DANI
DANIELA,DANIELITA
DANIELA,NANY
DOLORES,LOLA
DOLORES,LOLI
DOLORES,LOLIS
DOLORES,LOLITA
ELENA,ELE
ELENA,ELENI
ELENA,LENA
ELENA,NENA
ELOISA,ELO
ERIKA,ERI
ERIKA,KIKA
ESPERANZA,ESPE
ESPERANZA,LANCHA
ESPERANZA,PELANCHA
ESPERANZA,PERA
ESPERANZA,PERIS
ESPERANZA,PERITA
ESTEFANIA,ESTEFA
ESTEFANIA,ESTEFI
ESTEFANIA,FANY
ESTEFANIA,NANI
ESTEFANIA,TEFI
FERNANDA,FER
FERNANDA,FERCHA
FERNANDA,FERCHITA
FERNANDA,FERNI
FERNANDA,NANDA
FERNANDA,NANDITA
FRANCISCA,CISCA
FRANCISCA,CHICA
FRANCISCA,FRAN
FRANCISCA,KIKA
FRANCISCA,PACA
FRANCISCA,PANCHA
FRANCISCA,PANCHITA
FRANCISCA,PAQUI
FRANCISCA,PAQUITA
GENOVEVA,GENO
GENOVEVA,VEVA
GRACIELA,CHELA
GUADALUPE,GUADA
GUADALUPE,LUPE
GUADALUPE,LUPITA
GUILLERMINA,GUILLE
GUILLERMINA,MEMINA
GUILLERMINA,MINA
INES,NECHO
INES,NENA
ISABEL,ISA
ISABEL,CHABE
ISABEL,CHABELA
JOSEFINA,CHEPINA
JOSEFINA,FINA
JOSEFINA,JOSE
JOSEFINA,PEPA
JOSEFINA,PEPITA
JOSEFINA,PINA
JOSEFINA,PINI
LAURA,LALA
LAURA,LORI
LAURA,LAU
LAURA,LAURIS
LOURDES,LULA
LOURDES,LULIS
LOURDES,LULU
MARCELA,MAR
MARCELA,MARCE
MARCELA,CHELA
MARCELA,CHELITA
MARIA,MARI
MARIA,MARIQUITA
MARIA,MARUJA
MARIADELCARMEN,MARICARMEN
MARIAELENA,MARIELE
MARIAELENA,LENA
MARIAELENA,MARIENA
MARIAELENA,NENA
MARIAEUGENIA,MARU
MARIAEUGENIA,MARUJA
MARIAEUGENIA,MARA
MARIAEUGENIA,MANE
MARIAFERNANDA,MAFE
MARIAFERNANDA,MAFER
MARIAFERNANDA,MARIFER
MARIAFERNANDA,FERCHA
MARIAFERNANDA,MAYE
MARIAJOSE,CHEPA
MARIAJOSE,MAJO
MARIAJOSE,MARIJO
MARIAJOSE,MARIJOSE
MARIAJOSE,MARIAPEPA
MARIAJOSE,MARIPEPI
MARIAJOSE,MARIAPEPITO
MARIAJESUS,CHUS
MARIAJESUS,MARIJO
MARIALUISA,MARILU
MARIATERESA,MARITERE
MERCEDES,MERCE
MERCEDES,MECHE
MERCEDES,MECHITA
MERCEDES,MERCI
MERCEDES,MERCHI
MONICA,MONI
MONICA,MONA
NATALIA,NATA
NATALIA,NATI
RAMONA,MONA
RAMONA,MONCHA
RAMONA,MONCHITA
RAMONA,MONSI
REBECA,BECA
REBECA,BECKY
REBECA,REBE
REBECA,REBEQUITA
REGINA,GINA
REGINA,REGINITA
ROCIO,CHIO
ROCIO,ROCI
ROCIO,ROSI
ROSA,ROSI
ROSA,ROSITA
ROSARIO,CHARO
ROSARIO,CHAYO
SILVIA,CHIVA
SILVIA,CHIVIS
SILVIA,SILVIS
SOCORRO,COCO
SOCORRO,COCOY
SOCORRO,COQUIS
SOCORRO,SOCO
SOLEDAD,CHOLE
SOLEDAD,SOL
SOLEDAD,SOLE
YOLANDA,YOLA
YOLANDA,YOLI
YOLANDA,YOYA
YOLANDA,YOYIS
VICTORIA,VICKY
AARON,ERIN
AARON,RONNIE
AARON,RON
ABBIGAIL,NABBY
ABBIGAIL,ABBY
ABBIGAIL,GAIL
ABBIGAIL,ABBI
ABBIGAIL,ABBEY
ABEDNEGO,BEDNEY
ABEL,EBBIE
ABEL,AB
ABEL,ABE
ABEL,EB
ABIEL,AB
ABIGAIL,NABBY
ABIGAIL,ABBY
ABIGAIL,GAIL
ABIJAH,AB
ABIJAH,BIGE
ABNER,AB
ABRAHAM,AB
ABRAHAM,ABE
ABRAM,AB
ABRAM,ABE
ABSALOM,APP
ABSALOM,AB
ABSALOM,ABBIE
ADA,ADDY
ADALINE,DELIA
ADALINE,LENA
ADALINE,DELL
ADALINE,ADDY
ADALINE,ADA
ADDISON,ADDIE
ADDISON,ADDY
ADELA,DELLA
ADELAIDE,HEIDI
ADELAIDE,ADELE
ADELAIDE,DELL
ADELAIDE,ADDY
ADELAIDE,DELLA
ADELBERT,DEL
ADELBERT,ALBERT
ADELBERT,DELBERT
ADELBERT,BERT
ADELE,ADDY
ADELE,DELL
ADELINE,DELIA
ADELINE,LENA
ADELINE,DELL
ADELINE,ADDY
ADELINE,ADA
ADELPHIA,PHILLY
ADELPHIA,DELPHIA
ADELPHIA,ADELE
ADELPHIA,DELL
ADELPHIA,ADDY
ADOLPHUS,DOLPH
ADOLPHUS,ADO
ADOLPHUS,ADOLPH
ADRIAN,RIAN
ADRIANE,RIANE
ADRIENNE,ADDIE
ADRIENNE,RIENNE
ADRIENNE,ENNE
AGATHA,AGGY
AGNES,INEZ
AGNES,AGGY
AGNES,NESSA
AILEEN,LENA
AILEEN,ALLIE
ALAN,AL
ALANSON,AL
ALANSON,LANSON
ALASTAIR,AL
ALAZAMA,ALI
ALBERT,BERT
ALBERT,AL
ALBERTA,BERT
ALBERTA,ALLIE
ALBERTA,BERTIE
ALDO,AL
ALDRICH,RICHE
ALDRICH,RICH
ALEKSANDR,ALEX
ALEKSANDR,ALEK
ALEVA,LEVY
ALEVA,LEVE
ALEX,AL
ALEXANDER,ALEX
ALEXANDER,AL
ALEXANDER,SANDY
ALEXANDER,ALEC
ALEXANDRA,ALEX
ALEXANDRA,SANDY
ALEXANDRA,ALLA
ALEXANDRA,SANDRA
ALEXANDRIA,DRINA
ALEXANDRIA,ALEXANDER
ALEXANDRIA,ALLA
ALEXANDRIA,SANDRA
ALEXIS,LEXI
ALFONSE,AL
ALFRED,FREDDY
ALFRED,AL
ALFRED,FRED
ALFREDA,FREDDY
ALFREDA,ALFY
ALFREDA,FREDA
ALFREDA,FRIEDA
ALGERNON,ALGY
ALICE,LISA
ALICE,ELSIE
ALICE,ALLIE
ALICIA,LISA
ALICIA,ELSIE
ALICIA,ALLIE
ALINE,ADELINE
ALISON,ALI
ALISON,ALLIE
ALIXANDRA,ALIX
ALLAN,AL
ALLEN,AL
ALLISANDRA,ALLIE
ALLISON,ALI
ALLISON,ALLIE
ALLYSON,ALLY
ALLYSON,ALLIE
ALLYSSA,ALLY
ALLYSSA,ALLIE
ALMENA,MENA
ALMENA,ALLIE
ALMINA,MINNIE
ALMIRA,MYRA
ALONZO,LON
ALONZO,AL
ALONZO,LONZO
ALPHINIAS,ALPHUS
ALTHEA,ALLY
ALVERTA,VIRDIE
ALVERTA,VERT
ALYSSA,LISSIA
ALYSSA,AL
ALYSSA,ALLY
ALZADA,ZADA
AMANDA,MANDY
AMANDA,MANDA
AMBROSE,BROSE
AMELIA,AMY
AMELIA,MEL
AMELIA,MILLIE
AMELIA,EMILY
AMOS,MOSES
ANASTASIA,ANA
ANASTASIA,STACY
ANDERSON,ANDY
ANDRE,DREA
ANDREA,DREA
ANDREA,REA
ANDREA,ANDREW
ANDREW,ANDY
ANDREW,DREW
ANDRIANE,ADA
ANDRIANE,ADRI
ANDRIANE,RIENNE
ANGELA,ANGEL
ANGELA,ANGIE
ANGELICA,ANGIE
ANGELICA,ANGEL
ANGELINA,ANGEL
ANGELINA,ANGIE
ANGELINA,LINA
ANN,ANNIE
ANN,NAN
ANNA,ANNE
ANNA,ANN
ANNA,ANNIE
ANNA,NAN
ANNE,ANNIE
ANNE,ANN
ANNE,NAN
ANNETTE,ANNA
ANNETTE,NETTIE
ANNIE,ANN
ANNIE,ANNA
ANSELM,ANSEL
ANSELM,SELMA
ANSELM,ANSE
ANSELM,ANCE
ANTHONY,ANT
ANTHONY,TONY
ANTOINETTE,TONY
ANTOINETTE,NETTA
ANTOINETTE,ANN
ANTONIA,TONY
ANTONIA,NETTA
ANTONIA,ANN
ANTONIO,ANT
ANTONIO,TONY
APPOLINE,APPY
APPOLINE,APPIE
AQUILLA,QUIL
AQUILLA,QUILLIE
ARA,BELLE
ARA,ARRY
ARABELLA,ARA
ARABELLA,BELLA
ARABELLA,ARRY
ARABELLA,BELLE
ARABELLE,ARA
ARABELLE,BELLA
ARABELLE,ARRY
ARABELLE,BELLE
ARAMINTA,ARMIDA
ARAMINTA,MIDDIE
ARAMINTA,RUMINTA
ARAMINTA,MINTY
ARCHIBALD,ARCHIE
ARCHILLES,KILL
ARCHILLES,KILLIS
ARIADNE,ARIE
ARIADNE,ARI
ARIELLE,ARIE
ARISTOTLE,TELLY
ARIZONA,ONIE
ARIZONA,ONA
ARLENE,ARLY
ARLENE,LENA
ARMANDA,MANDY
ARMENA,MENA
ARMENA,ARRY
ARMILDA,MILLY
ARMINDA,MINDIE
ARMINTA,MINITE
ARMINTA,MINNIE
ARNOLD,ARNIE
ARON,ERIN
ARON,RONNIE
ARON,RON
ARTELEPSA,EPSEY
ARTEMUS,ART
ARTHUR,ART
ARTHUSA,THURSA
ARZADA,ZADDI
ASAHEL,ASA
ASAPH,ASA
ASENATH,SENE
ASENATH,ASSENE
ASENATH,NATTY
ASHLEY,ASH
ASHLEY,LEAH
ASHLEY,LEE
AUBREY,BREE
AUDREY,DEE
AUGUST,GUS
AUGUSTA,TINA
AUGUSTA,AGGY
AUGUSTA,GATSY
AUGUSTA,GUSSIE
AUGUSTINA,TINA
AUGUSTINA,AGGY
AUGUSTINA,GATSY
AUGUSTINA,GUSSIE
AUGUSTINE,GUS
AUGUSTINE,AUSTIN
AUGUSTINE,AUGUST
AUGUSTUS,GUS
AUGUSTUS,AUSTIN
AUGUSTUS,AUGUST
AURELIA,REE
AURELIA,RILLY
AURELIA,ORILLA
AURELIA,AURILLA
AURELIA,ORA
AVARILLA,RILLA
AZARIAH,RIAH
AZARIAH,AZE
BAB,BARBY
BABS,BARBY
BABS,BARBARA
BABS,BAB
BARBARA,BARBY
BARBARA,BABS
BARBARA,BAB
BARBARA,BOBBIE
BARBERY,BARBARA
BARBIE,BARBARA
BARNABAS,BARNEY
BARNEY,BARNABAS
BART,BARTHOLOMEW
BARTHOLOMEW,BARTEL
BARTHOLOMEW,BAT
BARTHOLOMEW,MEUS
BARTHOLOMEW,BART
BARTHOLOMEW,MEES
BARTICUS,BART
BAZALEEL,BASIL
BEA,BEATRICE
BEATRICE,BEA
BEATRICE,TRISHA
BEATRICE,TRIXIE
BEATRICE,TRIX
BECCA,BECK
BECK,BECKY
BEDELIA,DELIA
BEDELIA,BRIDGIT
BELINDA,BELLE
BELINDA,LINDA
BELLA,BELLE
BELLA,ARABELLA
BELLA,ISABELLA
BENEDICT,BENNIE
BENEDICT,BEN
BENJAMIN,BENJY
BENJAMIN,JAMIE
BENJAMIN,BENNIE
BENJAMIN,BEN
BENJAMIN,BENNY
BENJY,BENJAMIN
BERNARD,BARNEY
BERNARD,BERNIE
BERNARD,BERNEY
BERNEY,BERNIE
BERT,BERTIE
BERT,BOB
BERT,BOBBY
BERTHA,BERT
BERTHA,BIRDIE
BERTHA,BERTIE
BERTRAM,BERT
BESS,BESSIE
BETH,BETSY
BETH,BETTY
BETH,ELIZABETH
BETHENA,BETH
BETHENA,THANEY
BEVERLY,BEV
BEZALEEL,ZEELY
BIDDIE,BIDDY
BILL,WILLIAM
BILL,BILLY
BILL,ROBERT
BILL,WILLIE
BILL,FRED
BILLY,WILLIAM
BILLY,ROBERT
BILLY,FRED
BLANCHE,BEA
BOB,ROB
BOB,ROBERT
BOBBY,ROB
BOBBY,BOB
BOETIUS,BO
BRAD,BRADFORD
BRAD,FORD
BRADFORD,FORD
BRADFORD,BRAD
BRADLEY,BRAD
BRADY,BRODY
BREANNA,BREE
BREANNA,BRI
BREEANNA,BREE
BRENDA,BRANDY
BRIAN,BRYAN
BRIAN,BRYANT
BRIANNA,BRI
BRIDGET,BRIDIE
BRIDGET,BIDDY
BRIDGET,BRIDGIE
BRIDGET,BIDDIE
BRITTANY,BRITT
BRITTNEY,BRITT
BRODERICK,RICKY
BRODERICK,BRODY
BRODERICK,BRADY
BRODERICK,RICK
CAITLIN,CAIT
CAITLIN,CAITY
CAITLYN,CAIT
CAITLYN,CAITY
CALDONIA,CALLIEDONA
CALEB,CAL
CALIFORNIA,CALLIE
CALISTA,KISSY
CALPURNIA,CALLY
CALVIN,VIN
CALVIN,VINNY
CALVIN,CAL
CAMERON,RON
CAMERON,CAM
CAMERON,RONNY
CAMILLE,MILLIE
CAMILLE,CAMMIE
CAMPBELL,CAM
CANDACE,CANDY
CANDACE,DACEY
CARLOTTA,LOTTIE
CARLTON,CARL
CARMELLIA,MELLIA
CARMELO,MELO
CARMON,CHARM
CARMON,CAMMIE
CARMON,CARM
CAROL,LYNN
CAROL,CARRIE
CAROL,CAROLANN
CAROL,CASSIE
CAROL,CAROLINE
CAROL,CAROLE
CAROLANN,CAROL
CAROLANN,CAROLE
CAROLINE,LYNN
CAROLINE,CAROL
CAROLINE,CARRIE
CAROLINE,CASSIE
CAROLINE,CAROLE
CAROLYN,LYNN
CAROLYN,CARRIE
CAROLYN,CASSIE
CARRIE,CASSIE
CARTHAETTE,ETTA
CARTHAETTE,ETTY
CASEY,K.C.
CASPER,JASPER
CASSANDRA,SANDY
CASSANDRA,CASSIE
CASSANDRA,SANDRA
CASSIDY,CASSIE
CASSIDY,CASS
CASWELL,CASS
CATHERINE,KATHY
CATHERINE,KATY
CATHERINE,LENA
CATHERINE,KITTIE
CATHERINE,KIT
CATHERINE,TRINA
CATHERINE,CATHY
CATHERINE,KAY
CATHERINE,CASSIE
CATHLEEN,KATHY
CATHLEEN,KATY
CATHLEEN,LENA
CATHLEEN,KITTIE
CATHLEEN,KIT
CATHLEEN,TRINA
CATHLEEN,CATHY
CATHLEEN,KAY
CATHLEEN,CASSIE
CATHY,KATHY
CATHY,CATHLEEN
CATHY,CATHERINE
CECILIA,CISSY
CECILIA,CELIA
CEDRIC,CED
CEDRIC,RICK
CEDRIC,RICKY
CELESTE,LESSIE
CELESTE,CELIA
CELINDA,LINDA
CELINDA,LYNN
CELINDA,LINDY
CHARITY,CHAT
CHARLES,CHARLIE
CHARLES,CHUCK
CHARLES,CARL
CHARLES,CHICK
CHARLIE,CHARLES
CHARLIE,CHUCK
CHARLOTTE,CHAR
CHARLOTTE,SHERRY
CHARLOTTE,LOTTIE
CHARLOTTE,LOTTA
CHAUNCEY,CHAN
CHERYL,CHER
CHESLEY,CHET
CHESTER,CHET
CHET,CHESTER
CHICK,CHARLOTTE
CHICK,CAROLINE
CHICK,CHUCK
CHLOE,CLO
CHRIS,CHRISTINA
CHRIS,CHRISTOPHER
CHRIS,CHRISTINE
CHRISTA,CHRIS
CHRISTIAN,CHRIS
CHRISTIAN,KIT
CHRISTIANA,KRIS
CHRISTIANA,KRISTY
CHRISTIANA,ANN
CHRISTIANA,TINA
CHRISTIANA,CHRISTY
CHRISTIANA,CHRIS
CHRISTIANA,CRISSY
CHRISTIANO,CHRIS
CHRISTINA,KRIS
CHRISTINA,KRISTY
CHRISTINA,TINA
CHRISTINA,CHRISTY
CHRISTINA,CHRIS
CHRISTINA,CRISSY
CHRISTINE,KRIS
CHRISTINE,KRISTY
CHRISTINE,CHRISSY
CHRISTINE,TINA
CHRISTINE,CHRIS
CHRISTINE,CRISSY
CHRISTOPH,CHRIS
CHRISTOPHER,CHRIS
CHRISTOPHER,KIT
CHRISTY,CRISSY
CICELY,CILLA
CINDERELLA,ARILLA
CINDERELLA,RELLA
CINDERELLA,CINDY
CINDERELLA,RILLA
CINDY,CINDERELLA
CLAIRE,CLAIR
CLAIRE,CLARE
CLAIRE,CLARA
CLARA,CLARISSA
CLARE,CLARA
CLARENCE,CLARE
CLARENCE,CLAIR
CLARINDA,CLARA
CLARISSA,CISSY
CLARISSA,CLARA
CLAUDIA,CLAUD
CLEATUS,CLEAT
CLEMENT,CLEM
CLEMENTINE,CLEMENT
CLEMENTINE,CLEM
CLIFF,CLIFFORD
CLIFF,CLIFF
CLIFFORD,FORD
CLIFFORD,CLIFF
CLIFTON,TONY
CLIFTON,CLIFF
COLE,COLIE
COLUMBUS,CLUM
CON,CONNY
CONRAD,CONNY
CONRAD,CON
CONSTANCE,CONNIE
CORDELIA,CORDY
CORDELIA,DELIA
COREY,COCO
COREY,CORDY
COREY,REE
CORINNE,CORA
CORINNE,ORA
CORNELIA,NELLY
CORNELIA,CORNIE
CORNELIA,NELIA
CORNELIA,CORNY
CORNELIA,NELLE
CORNELIUS,CONNY
CORNELIUS,NIEL
CORNELIUS,CORNY
CORNELIUS,CON
CORY,COCO
CORY,CORDY
CORY,REE
COURTNEY,CURT
COURTNEY,COURT
CRYSTAL,CHRIS
CRYSTAL,TAL
CRYSTAL,STAL
CRYSTAL,CRYS
CURTIS,CURT
CYNTHIA,CINTHA
CYNTHIA,CINDY
CYRENIUS,SWENE
CYRENIUS,CY
CYRENIUS,SERENE
CYRENIUS,RENIUS
CYRENIUS,CENE
CYRUS,CY
DAHL,DAL
DALTON,DAHL
DALTON,DAL
DANIEL,DAN
DANIEL,DANNY
DANIEL,DANN
DANIELLE,ELLIE
DANIELLE,DANI
DANNY,DANIEL
DAPHNE,DAPH
DAPHNE,DAPHIE
DARLENE,LENA
DARLENE,DARRY
DAVID,DAVE
DAVID,DAY
DAVID,DAVEY
DEANNE,ANN
DEANNE,DEE
DEBBIE,DEB
DEBBIE,DEBRA
DEBBIE,DEBORAH
DEBBIE,DEBBY
DEBBY,DEB
DEBORA,DEB
DEBORA,DEBBIE
DEBORA,DEBBY
DEBORAH,DEB
DEBORAH,DEBBIE
DEBORAH,DEBBY
DEBRA,DEB
DEBRA,DEBBIE
DEIDRE,DEEDEE
DELBERT,BERT
DELBERT,DEL
DELIA,FIDELIA
DELIA,CORDELIA
DELIA,DELIUS
DELILAH,LIL
DELILAH,LILA
DELILAH,DELL
DELILAH,DELLA
DELIVERANCE,DELLY
DELIVERANCE,DILLY
DELIVERANCE,DELLA
DELLA,ADELA
DELLA,DELILAH
DELLA,ADELAIDE
DELLA,DELL
DELORES,LOLLY
DELORES,LOLA
DELORES,DELLA
DELORES,DEE
DELORES,DELL
DELPHA,PHILADELPHIA
DELPHINE,DELPHI
DELPHINE,DEL
DELPHINE,DELF
DEMARIS,DEA
DEMARIS,MARIS
DEMARIS,MARY
DEMERIAS,DEA
DEMERIAS,MARIS
DEMERIAS,MARY
DEMOCRATES,MOCK
DENNIS,DENNY
DENNISON,DENNY
DERRICK,RICKY
DERRICK,ERIC
DERRICK,RICK
DEUTERONOMY,DUTY
DIANA,DICEY
DIANA,DIDI
DIANA,DI
DIANE,DICEY
DIANE,DIDI
DIANE,DI
DICEY,DICIE
DICK,RICK
DICK,RICHARD
DICKSON,DICK
DOMENIC,DOM
DOMINIC,DOM
DOMINICK,DOM
DONALD,DONY
DONALD,DONNIE
DONALD,DON
DONALD,DONNY
DONOVAN,DONY
DONOVAN,DONNIE
DONOVAN,DON
DONOVAN,DONNY
DORCUS,DARKEY
DORINDA,DOROTHEA
DORINDA,DORA
DORIS,DORA
DOROTHEA,DODA
DOROTHEA,DORA
DOROTHY,DORTHA
DOROTHY,DOLLY
DOROTHY,DOT
DOROTHY,DOTTY
DOTHA,DOTTY
DOTTY,DOT
DOUGLAS,DOUG
DRUSILLA,SILLA
DUNCAN,DUNK
EARNEST,ERNESTINE
EARNEST,ERNIE
EBBIE,EB
EBENEZER,EBBIE
EBENEZER,EBEN
EBENEZER,EB
EDDIE,ED
EDDY,ED
EDGAR,ED
EDGAR,EDDIE
EDGAR,EDDY
EDITH,EDIE
EDITH,EDYE
EDMOND,ED
EDMOND,EDDIE
EDMOND,EDDY
EDMUND,ED
EDMUND,EDDIE
EDMUND,TED
EDMUND,EDDY
EDMUND,NED
EDNA,EDNY
EDUARDO,ED
EDUARDO,EDDIE
EDUARDO,EDDY
EDWARD,TEDDY
EDWARD,ED
EDWARD,NED
EDWARD,TED
EDWARD,EDDY
EDWARD,EDDIE
EDWIN,ED
EDWIN,EDDIE
EDWIN,WIN
EDWIN,EDDY
EDWIN,NED
EDWINA,EDWIN
EDYTH,EDIE
EDYTH,EDYE
EDYTHE,EDIE
EDYTHE,EDYE
EGBERT,BERT
EGBERT,BURT
EIGHTA,ATHY
EILEEN,HELEN
ELAINE,LAINIE
ELAINE,HELEN
ELBERT,ALBERT
ELBERTSON,ELBERT
ELBERTSON,BERT
ELEANOR,LANNA
ELEANOR,NORA
ELEANOR,NELLY
ELEANOR,ELLIE
ELEANOR,ELAINE
ELEANOR,ELLEN
ELEANOR,LENORA
ELEAZER,LAZAR
ELENA,HELEN
ELIAS,ELI
ELIAS,LEE
ELIAS,LIAS
ELIJAH,LIGE
ELIJAH,ELI
ELIPHALEL,LIFE
ELIPHALET,LEFT
ELISA,LISA
ELISHA,LISH
ELISHA,ELI
ELIZA,ELIZABETH
ELIZABETH,LIBBY
ELIZABETH,LISA
ELIZABETH,LIB
ELIZABETH,LIZZY
ELIZABETH,LIZZIE
ELIZABETH,ELIZA
ELIZABETH,BETSY
ELIZABETH,LIZA
ELIZABETH,BETTY
ELIZABETH,BESSIE
ELIZABETH,BESS
ELIZABETH,BETH
ELIZABETH,LIZ
ELLA,ELLEN
ELLEN,NELLIE
ELLEN,NELL
ELLEN,HELEN
ELLENDER,NELLIE
ELLENDER,ELLEN
ELLENDER,HELEN
ELLIE,ELLY
ELLSWOOD,ELSEY
ELMINIE,MINNIE
ELMIRA,ELLIE
ELMIRA,ELLY
ELMIRA,MIRA
ELNORA,NORA
ELOISE,HELOISE
ELOISE,LOUISE
ELOUISE,LOUISE
ELSIE,ELSEY
ELSWOOD,ELSEY
ELVIRA,ELVIE
ELWOOD,WOODY
ELYSIA,LISA
ELZE,ELSEY
EMANUEL,MANUEL
EMANUEL,MANNY
EMELINE,EM
EMELINE,EMMY
EMELINE,EMMA
EMELINE,MILLY
EMELINE,EMILY
EMIL,EMILY
EMILY,EMMY
EMILY,MILLIE
EMILY,EMMA
EMILY,MEL
EMMA,EMMY
EPAPHRODITIUS,DITE
EPAPHRODITIUS,DITUS
EPAPHRODITIUS,EPPA
EPAPHRODITIUS,DYCHE
EPAPHRODITIUS,DYCE
EPHRAIM,EPH
ERASMUS,RAZE
ERASMUS,RASMUS
ERIC,RICK
ERIC,RICKY
ERNEST,ERNIE
ERNESTINE,TEENY
ERNESTINE,ERNEST
ERNESTINE,TINA
ERNESTINE,ERNA
ERWIN,IRWIN
ESENETH,SENIE
ESSY,ES
ESTELLA,ESSY
ESTELLA,STELLA
ESTELLE,ESSY
ESTELLE,STELLA
ESTHER,HESTER
ESTHER,ESSIE
EUDICY,DICEY
EUDORA,DORA
EUDORIS,DOSSIE
EUDORIS,DOSIE
EUGENE,GENE
EUNICE,NICIE
EUPHEMIA,EFFIE
EUPHEMIA,EFFY
EURYDICE,DICEY
EUSTACIA,STACIA
EUSTACIA,STACY
EVA,EVE
EVALINE,EVA
EVALINE,LENA
EVALINE,EVE
EVANGELINE,EV
EVANGELINE,EVAN
EVANGELINE,VANGIE
EVELYN,EVELINA
EVELYN,EV
EVELYN,EVE
EXPERIENCE,EXIE
EZEKIEL,ZEKE
EZEKIEL,EZ
EZIDEEN,EZ
EZRA,EZ
FAITH,FAY
FELICIA,FEL
FELICIA,FELIX
FELICIA,FELI
FELICITY,FLICK
FELICITY,TICK
FELTIE,FELTY
FERDINAND,FREDDIE
FERDINAND,FREDDY
FERDINAND,FERDIE
FERDINAND,FRED
FERDINANDO,NANDO
FERDINANDO,FERDIE
FERDINANDO,FRED
FIDELIA,DELIA
FLO,FLORENCE
FLORA,FLORENCE
FLORENCE,FLOSSY
FLORENCE,FLORA
FLORENCE,FLO
FLOYD,LLOYD
FRAN,FRANNIE
FRANCES,SIS
FRANCES,CISSY
FRANCES,FRANKIE
FRANCES,FRANNIEY
FRANCES,FRAN
FRANCES,FRANCIE
FRANCES,FRANNIE
FRANCES,FANNY
FRANCIE,FRANCINE
FRANCINE,FRANNIEY
FRANCINE,FRAN
FRANCINE,FRANNIE
FRANCINE,FRANCIE
FRANCIS,FRAN
FRANCIS,FRANKIE
FRANCIS,FRANK
FRANK,FRANKLIN
FRANKIE,FRANK
FRANKIE,FRANCIS
FRANKLIN,FRAN
FRANKLIN,FRANK
FRANKLIND,FRANK
FREDA,FRIEDA
FREDERICA,FREDERICK
FREDERICA,FREDDY
FREDERICK,FREDDIE
FREDERICK,FREDDY
FREDERICK,FRITZ
FREDERICK,FRED
FREDERICKA,FREDDY
FREDERICKA,RICKA
FREDERICKA,FREDA
FREDERICKA,FRIEDA
FRIEDA,FREDDIE
FRIEDA,FREDDY
FRIEDA,FRED
GABRIEL,GABE
GABRIEL,GABBY
GABRIELLA,ELLA
GABRIELLA,GABBY
GABRIELLE,ELLA
GABRIELLE,GABBY
GARRICK,GARRI
GENEVIEVE,JEAN
GENEVIEVE,EVE
GENEVIEVE,JENNY
GEOFFREY,GEOFF
GEOFFREY,JEFF
GEORGE,GEORGIE
GEORGIANA,GEORGIA
GERALD,GERRY
GERALD,JERRY
GERALDINE,GERRY
GERALDINE,GERRIE
GERALDINE,JERRY
GERALDINE,DINA
GERHARDT,GAY
GERTIE,GERTRUDE
GERTIE,GERT
GERTRUDE,GERTIE
GERTRUDE,GERT
GERTRUDE,TRUDY
GILBERT,BERT
GILBERT,GIL
GILBERT,WILBER
GIOVANNI,GIO
GLORIA,GLORY
GOVERNOR,GOVIE
GREENBERRY,GREEN
GREENBERRY,BERRY
GREGGORY,GREGG
GREGORY,GREG
GREGORY,GORY
GRETCHEN,MARGARET
GRISELDA,GRISSEL
GUM,MONTY
GUS,GUSSIE
GUSTAVUS,GUS
GUSTAVUS,GUSSIE
GWEN,WENDY
GWENDOLYN,GWEN
GWENDOLYN,WENDY
HAMILTON,HAM
HANNAH,NAN
HANNAH,NANNY
HANNAH,ANNA
HAROLD,HAL
HAROLD,HARRY
HARRIET,HATTIE
HARRY,HAROLD
HARRY,HENRY
HASELTINE,HASSIE
HEATHER,HETTY
HELEN,LENA
HELEN,ELLA
HELEN,ELLEN
HELEN,ELLIE
HELENA,EILEEN
HELENA,LENA
HELENA,NELL
HELENA,NELLIE
HELENA,ELEANOR
HELENA,ELAINE
HELENA,ELLEN
HELENA,AILEEN
HELENE,LENA
HELENE,ELLA
HELENE,ELLEN
HELENE,ELLIE
HELOISE,LOIS
HELOISE,ELOISE
HELOISE,ELOUISE
HENRIETTA,HANK
HENRIETTA,ETTA
HENRIETTA,ETTY
HENRIETTA,RETTA
HENRIETTA,NETTIE
HENRY,HANK
HENRY,HAL
HENRY,HARRY
HEPHSIBAH,HIPSIE
HEPSIBAH,HIPSIE
HERBERT,BERT
HERBERT,HERB
HERMAN,HARMAN
HERMAN,DUTCH
HERMIONE,HERMIE
HESTER,HESSY
HESTER,ESTHER
HESTER,HETTY
HEZEKIAH,HY
HEZEKIAH,HEZ
HEZEKIAH,KIAH
HIRAM,HY
HONORA,HONEY
HONORA,NORA
HONORA,NORRY
HONORA,NORAH
HOPKINS,HOPP
HOPKINS,HOP
HORACE,HORRY
HORTENSE,HARTY
HORTENSE,TENSEY
HOSEA,HOSEY
HOSEA,HOSIE
HOWARD,HAL
HOWARD,HOWIE
HUBERT,BERT
HUBERT,HUGH
HUBERT,HUB
IAN,JOHN
IGNATIUS,NATIUS
IGNATIUS,IGGY
IGNATIUS,NATE
IGNATIUS,NACE
IGNATZIO,NAZ
IGNATZIO,IGGY
IGNATZIO,NACE
IMMANUEL,MANUEL
IMMANUEL,EMMANUEL
INDIA,INDIE
INDIA,INDY
INEZ,AGNES
IONA,ONNIE
IRENE,RENA
IRVIN,IRVING
IRVING,IRV
IRWIN,ERWIN
ISAAC,IKE
ISAAC,ZEKE
ISABEL,TIBBIE
ISABEL,BELL
ISABEL,NIB
ISABEL,BELLE
ISABEL,BELLA
ISABEL,NIBBY
ISABEL,IB
ISABEL,ISSY
ISABELLA,TIBBIE
ISABELLA,NIB
ISABELLA,BELLE
ISABELLA,BELLA
ISABELLA,NIBBY
ISABELLA,IB
ISABELLA,ISSY
ISABELLE,TIBBIE
ISABELLE,NIB
ISABELLE,BELLE
ISABELLE,BELLA
ISABELLE,NIBBY
ISABELLE,IB
ISABELLE,ISSY
ISADORA,ISSY
ISADORA,DORA
ISAIAH,ZADIE
ISAIAH,ZAY
ISIDORE,IZZY
IVA,IVY
IVAN,JOHN
JACKSON,JACK
JACOB,JAAP
JACOB,JAKE
JACOB,JAY
JACOBUS,JACOB
JACQUELINE,JACKIE
JACQUELINE,JACK
JAHODA,HODY
JAHODA,HODIE
JAHODA,HODA
JAKOB,JAKE
JAMES,JIMMY
JAMES,JIM
JAMES,JAMIE
JAMES,JIMMIE
JAMES,JEM
JAMIE,JAMES
JANE,JANIE
JANE,JESSIE
JANE,JEAN
JANE,JENNIE
JANET,JAN
JANET,JESSIE
JANICE,JAN
JANNETT,NETTIE
JASPER,JAP
JASPER,CASPER
JAYME,JAY
JEAN,JANE
JEAN,JEANNIE
JEANETTE,JESSIE
JEANETTE,JEAN
JEANETTE,JANET
JEANETTE,NETTIE
JEANNE,JANE
JEANNE,JEANNIE
JEBADIAH,JEB
JEDEDIAH,DYER
JEDEDIAH,JED
JEDEDIAH,DIAH
JEDIDIAH,DYER
JEDIDIAH,JED
JEDIDIAH,DIAH
JEFFEREY,JEFF
JEFFERSON,SONNY
JEFFERSON,JEFF
JEFFERY,JEFF
JEFFREY,GEOFF
JEFFREY,JEFF
JEHIEL,HIEL
JEHU,HUGH
JEHU,GEE
JEMIMA,MIMA
JENNET,JESSIE
JENNET,JENNY
JENNET,JENN
JENNIFER,JENNIE
JENNIFER,JENN
JENNIFER,JEN
JENNIFER,JENNY
JEREMIAH,JEREME
JEREMIAH,JERRY
JEREMY,JEZZA
JEREMY,JEZ
JERITA,RITA
JERRY,JEREME
JERRY,GERALDINE
JESSICA,JESSIE
JESSIE,JANE
JESSIE,JESS
JESSIE,JANET
JIM,JIMMIE
JINCY,JANE
JINSY,JANE
JOAN,JO
JOAN,NONIE
JOANN,JO
JOANNA,HANNAH
JOANNA,JODY
JOANNA,JO
JOANNA,JOAN
JOANNE,JO
JODY,JO
JOE,JOEY
JOHANNA,JO
JOHANNAH,HANNAH
JOHANNAH,JODY
JOHANNAH,JOAN
JOHANNAH,NONIE
JOHANNES,JONATHAN
JOHANNES,JOHN
JOHANNES,JOHNNY
JOHN,JACK
JOHN,JOHNNY
JOHN,JOCK
JOHN,IAN
JONATHAN,JOHN
JONATHAN,NATHAN
JONATHAN,JON
JONATHAN,JONNY
JONATHAN,JONNIE
JONATHON,JON
JONATHON,JONNY
JONATHON,JONNIE
JOSEPH,JODY
JOSEPH,JOS
JOSEPH,JOE
JOSEPH,JOEY
JOSEPHINE,FINA
JOSEPHINE,JODY
JOSEPHINE,JO
JOSEPHINE,JOSEY
JOSEPHINE,JOEY
JOSEPHINE,JOSIE
JOSETTA,JETTIE
JOSEY,JOSOPHINE
JOSHUA,JOS
JOSHUA,JOSH
JOSIAH,JOS
JOYCE,JOY
JUANITA,NITA
JUANITA,NETTIE
JUDAH,JUDER
JUDAH,JUDE
JUDITH,JUDIE
JUDITH,JUDA
JUDITH,JUDY
JUDITH,JUDI
JUDITH,JUDE
JUDSON,SONNY
JUDSON,JUD
JUDY,JUDITH
JULIA,JULIE
JULIA,JILL
JULIAN,JULE
JULIAS,JULE
JULIE,JULIA
JULIE,JULE
JUNE,JUNIUS
JUNIOR,JUNIE
JUNIOR,JUNE
JUNIOR,JR
JUSTIN,JUSTUS
JUSTIN,JUSTINA
KAITLIN,KAIT
KAITLIN,KAITIE
KAITLYN,KAIT
KAITLYN,KAITIE
KAITLYNN,KAIT
KAITLYNN,KAITIE
KAMERON,KAM
KARONHAPPUCK,KARON
KARONHAPPUCK,KAREN
KARONHAPPUCK,CARRIE
KARONHAPPUCK,HAPPY
KASEY,K.C.
KATARINA,CATHERINE
KATARINA,TINA
KATE,KAY
KATELIN,KAY
KATELIN,KATE
KATELIN,KAYE
KATELYN,KAY
KATELYN,KATE
KATELYN,KAYE
KATHERINE,KATHY
KATHERINE,KATY
KATHERINE,LENA
KATHERINE,KITTIE
KATHERINE,KAYE
KATHERINE,KIT
KATHERINE,TRINA
KATHERINE,CATHY
KATHERINE,KAY
KATHERINE,KATE
KATHERINE,CASSIE
KATHLEEN,KATHY
KATHLEEN,KATY
KATHLEEN,LENA
KATHLEEN,KITTIE
KATHLEEN,KIT
KATHLEEN,TRINA
KATHLEEN,CATHY
KATHLEEN,KAY
KATHLEEN,CASSIE
KATHRYN,KATHY
KATHRYN,KATIE
KATY,KATHY
KATY,KATIE
KAYLA,KAY
KENDALL,KEN
KENDALL,KENNY
KENDRA,KENJ
KENDRA,KENJI
KENDRA,KAY
KENDRA,KENNY
KENDRICK,KEN
KENDRICK,KENNY
KENDRIK,KEN
KENDRIK,KENNY
KENNETH,KEN
KENNETH,KENNY
KENNETH,KENDRICK
KENNY,KEN
KENNY,KENNETH
KENT,KEN
KENT,KENNY
KENT,KENDRICK
KEZIAH,KIZZA
KEZIAH,KIZZIE
KIM,KIMBERLY
KIM,KIMBERLEY
KIMBERLEY,KIM
KIMBERLY,KIM
KINGSLEY,KING
KINGSTON,KING
KIT,KITTIE
KRIS,CHRIS
KRISTEL,KRIS
KRISTEN,CHRIS
KRISTIN,CHRIS
KRISTINE,KRIS
KRISTINE,KRISTY
KRISTINE,TINA
KRISTINE,CHRISTY
KRISTINE,CHRIS
KRISTINE,CRISSY
KRISTOPHER,CHRIS
KRISTOPHER,KRIS
KRISTY,CHRIS
LAFAYETTE,LAFFIE
LAFAYETTE,FATE
LAMONT,MONTY
LAODICIA,DICY
LAODICIA,CENIA
LARRY,LAURENCE
LARRY,LAWRENCE
LAUREN,REN
LAUREN,LAURIE
LAURENCE,LORRY
LAURENCE,LARRY
LAURENCE,LON
LAURENCE,LONNY
LAURENCE,LORNE
LAURINDA,LAURA
LAURINDA,LAWRENCE
LAURYN,LAURIE
LAVEDA,VEDA
LAVERNE,VERNON
LAVERNE,VERNA
LAVINA,VINA
LAVINA,VINEY
LAVINA,INA
LAVINIA,VINA
LAVINIA,VINEY
LAVINIA,INA
LAVONIA,VINA
LAVONIA,VONNIE
LAVONIA,WYNCHA
LAVONIA,VINEY
LAVONNE,VON
LAWRENCE,LORRY
LAWRENCE,LARRY
LAWRENCE,LON
LAWRENCE,LONNY
LAWRENCE,LORNE
LEANNE,LEA
LEANNE,ANNIE
LECURGUS,CURG
LEMUEL,LEM
LENA,ELLEN
LENORA,NORA
LENORA,LEE
LEO,LEON
LEONARD,LINEAU
LEONARD,LEO
LEONARD,LEON
LEONARD,LEN
LEONARD,LENNY
LEONIDAS,LEE
LEONIDAS,LEON
LEONORA,NORA
LEONORA,NELL
LEONORA,NELLIE
LEONORE,NORA
LEONORE,HONOR
LEONORE,ELENOR
LEROY,ROY
LEROY,LEE
LEROY,L.R.
LESLIE,LES
LESTER,LES
LETITIA,TISH
LETITIA,TITIA
LETITIA,LETTICE
LETITIA,LETTIE
LEVI,LEE
LEVICY,VICY
LEVONE,VON
LIB,LIBBY
LIDIA,LYDDY
LIL,LILLY
LIL,LILY
LILLAH,LIL
LILLAH,LILLY
LILLAH,LILY
LILLAH,LOLLY
LILLIAN,LIL
LILLIAN,LILLY
LILLIAN,LOLLY
LILLY,LILY
LILLY,LIL
LINCOLN,LINK
LINDA,LINDY
LINDA,LYNN
LINDY,LYNN
LIONEL,LEON
LISA,LIZ
LITTLEBERRY,LITTLE
LITTLEBERRY,BERRY
LITTLEBERRY,L.B.
LIZZIE,LIZ
LOIS,LOU
LOIS,LOUISE
LONZO,LON
LORENZO,LOREN
LORETTA,ETTA
LORETTA,LORRIE
LORETTA,RETTA
LORRAINE,LORRIE
LOTTA,LOTTIE
LOU,LOUIS
LOU,LU
LOUIS,LEWIS
LOUIS,LOUISE
LOUIS,LOUIE
LOUIS,LOU
LOUISA,ELIZA
LOUISA,LOU
LOUISA,LOIS
LOUISE,ELIZA
LOUISE,LOU
LOUISE,LOIS
LOUVINIA,VINA
LOUVINIA,VONNIE
LOUVINIA,WYNCHA
LOUVINIA,VINEY
LUCAS,LUKE
LUCIA,LUCY
LUCIA,LUCIUS
LUCIAS,LUKE
LUCILLE,CILLE
LUCILLE,LU
LUCILLE,LUCY
LUCILLE,LOU
LUCINA,SINAH
LUCINDA,LU
LUCINDA,LUCY
LUCINDA,CINDY
LUCINDA,LOU
LUCRETIA,CREASEY
LUCY,LUCINDA
LUELLA,LULA
LUELLA,ELLA
LUELLA,LU
LUKE,LUCAS
LUNETTA,NETTIE
LURANA,LURA
LUTHER,LUKE
LYDIA,LYDDY
LYNDON,LINDY
LYNDON,LYNN
MABEL,MEHITABEL
MABEL,AMABEL
MAC,MC
MACK,MAC
MACK,MC
MACKENZIE,KENZY
MACKENZIE,MAC
MACKENZIE,MACK
MADDISON,MADDIE
MADDISON,MADDI
MADDY,MADELYN
MADDY,MADELINE
MADDY,MADGE
MADELINE,MAGGIE
MADELINE,LENA
MADELINE,MAGDA
MADELINE,MADDY
MADELINE,MADGE
MADELINE,MADDIE
MADELINE,MADDI
MADIE,MADELINE
MADIE,MADELYN
MADISON,MATTIE
MADISON,MADDY
MAEGEN,MEG
MAGDALENA,MAGGIE
MAGDALENA,LENA
MAGDELINA,LENA
MAGDELINA,MAGDA
MAGDELINA,MADGE
MAHALA,HALLIE
MAKAYLA,KAYLA
MALACHI,MALLY
MALCOLM,MAC
MALCOLM,MAL
MALCOLM,MALC
MALINDA,LINDY
MANDA,MANDY
MANDIE,AMANDA
MANDY,AMANDA
MANERVA,MINERVA
MANERVA,NERVIE
MANERVA,EVE
MANERVA,NERVA
MANNY,MANUEL
MANOAH,NOAH
MANOLA,NONNIE
MANUEL,EMANUEL
MANUEL,MANNY
MARCUS,MARK
MARGARET,MAGGIE
MARGARET,MEG
MARGARET,PEG
MARGARET,MIDGE
MARGARET,MARGY
MARGARET,MARGIE
MARGARET,MADGE
MARGARET,PEGGY
MARGARET,MAGGY
MARGARET,MARGE
MARGARET,DAISY
MARGARET,MARGERY
MARGARET,GRETTA
MARGARET,RITA
MARGARETTA,MAGGIE
MARGARETTA,MEG
MARGARETTA,PEG
MARGARETTA,MIDGE
MARGARETTA,MARGIE
MARGARETTA,MADGE
MARGARETTA,PEGGY
MARGARETTA,MARGE
MARGARETTA,DAISY
MARGARETTA,MARGERY
MARGARETTA,GRETTA
MARGARETTA,RITA
MARGARITA,MAGGIE
MARGARITA,MEG
MARGARITA,METTA
MARGARITA,MIDGE
MARGARITA,GRETA
MARGARITA,MEGAN
MARGARITA,MAISIE
MARGARITA,MADGE
MARGARITA,MARGE
MARGARITA,DAISY
MARGARITA,PEGGIE
MARGARITA,RITA
MARGARITA,MARGO
MARGE,MARGERY
MARGE,MARGARET
MARGE,MARGARETTA
MARGIE,MARJORIE
MARGIE,MARGIE
MARGUERITE,PEGGY
MARIAH,MARY
MARIAH,MARIA
MARIAN,MARIANNA
MARIAN,MARION
MARIE,MAE
MARIETTA,MARIAH
MARIETTA,MERCY
MARIETTA,POLLY
MARIETTA,MAY
MARIETTA,MOLLY
MARIETTA,MITZI
MARIETTA,MINNIE
MARIETTA,MOLLIE
MARIETTA,MAE
MARIETTA,MAUREEN
MARIETTA,MARION
MARIETTA,MARIE
MARIETTA,MAMIE
MARIETTA,MARY
MARIETTA,MARIA
MARILYN,MARY
MARION,MARY
MARISSA,RISSA
MARJORIE,MARGIE
MARJORIE,MARGY
MARJORIE,MARGIE
MARSHA,MARCIE
MARSHA,MARY
MARTHA,MARTY
MARTHA,MATTIE
MARTHA,MAT
MARTHA,PATSY
MARTHA,PATTY
MARTIN,MARTY
MARTINA,TINA
MARTINE,TINE
MARV,MARVIN
MARVIN,MARV
MARY,MAMIE
MARY,MOLLY
MARY,MAE
MARY,POLLY
MARY,MITZI
MASAYUKI,MASA
MAT,MATTIE
MATHEW,MAT
MATHEW,MATY
MATHILDA,TILLIE
MATHILDA,PATTY
MATILDA,TILLY
MATILDA,MAUD
MATILDA,MATTY
MATTHEW,THYS
MATTHEW,MATT
MATTHEW,THIAS
MATTHEW,MATTIE
MATTHEW,MATTY
MATTHIAS,THYS
MATTHIAS,MATT
MATTHIAS,THIAS
MAUD,MIDDY
MAUREEN,MARY
MAURICE,MOREY
MAVERY,MAVE
MAVINE,MAVE
MAXIMILLIAN,MAX
MAXINE,MAX
MAXWELL,MAX
MAY,MAE
MCKENNA,KEN
MCKENNA,KENNA
MCKENNA,MEAKA
MEDORA,DORA
MEGAN,MEG
MEGHAN,MEG
MEHITABEL,HETTY
MEHITABEL,MITTY
MEHITABEL,MABEL
MEHITABEL,HITTY
MELANIE,MELLIE
MELCHIZEDEK,ZADOCK
MELCHIZEDEK,DICK
MELINDA,LINDA
MELINDA,MEL
MELINDA,LYNN
MELINDA,MINDY
MELINDA,LINDY
MELISSA,LISA
MELISSA,MEL
MELISSA,MISSY
MELISSA,MILLY
MELISSA,LISSA
MELLONY,MELLIA
MELODY,LODI
MELVIN,MEL
MELVINA,VINA
MERCEDES,MERCI
MERCEDES,SADIE
MERCEDES,MERCY
MERV,MERVIN
MERVYN,MERV
MICAJAH,CAGE
MICHAEL,MICKY
MICHAEL,MIKE
MICHAEL,MICAH
MICHAEL,MICK
MICHAEL,MIKEY
MICHEAL,MIKE
MICHEAL,MIKY
MICHEAL,MIKEY
MICHELLE,MICKEY
MICK,MICKY
MIKE,MICKY
MIKE,MICK
MIKE,MICHAEL
MILDRED,MILLY
MILLICENT,MISSY
MILLICENT,MILLY
MINERVA,MINNIE
MINNIE,WILHELMINA
MIRANDA,RANDY
MIRANDA,MANDY
MIRANDA,MIRA
MIRIAM,MIMI
MIRIAM,MITZI
MIRIAM,MITZIE
MISSY,MELISSA
MITCH,MITCHELL
MITCHELL,MITCH
MITZI,MARY
MITZI,MITTIE
MITZI,MITTY
MITZIE,MITTIE
MITZIE,MITTY
MONET,NETTIE
MONICA,MONNA
MONICA,MONNIE
MONTELEON,MONTE
MONTESQUE,MONTY
MONTGOMERY,MONTY
MONTGOMERY,GUM
MONTY,LAMONT
MORRIS,MOREY
MORTIMER,MORT
MOSES,AMOS
MOSES,MOSE
MOSES,MOSS
MURIEL,MUR
MYRTLE,MYRT
MYRTLE,MYRTI
MYRTLE,MERT
NADINE,NADA
NADINE,DEEDEE
NANCY,ANN
NANCY,NAN
NANCY,NANNY
NAOMI,OMI
NAPOLEON,NAP
NAPOLEON,NAPPY
NAPOLEON,LEON
NATALIE,NATTY
NATALIE,NETTIE
NATASHA,TASHA
NATASHA,NAT
NATHAN,NATE
NATHAN,NAT
NATHANIEL,THAN
NATHANIEL,NATHAN
NATHANIEL,NATE
NATHANIEL,NAT
NATHANIEL,NATTY
NELLE,NELLY
NELSON,NELS
NEWT,NEWTON
NICHOLAS,NICK
NICHOLAS,CLAES
NICHOLAS,CLAAS
NICHOLAS,NIC
NICHOLAS,NICKY
NICHOLAS,NICO
NICHOLAS,NICKIE
NICODEMUS,NICK
NICODEMUS,NIC
NICODEMUS,NICKY
NICODEMUS,NICO
NICODEMUS,NICKIE
NICOLE,NOLE
NICOLE,NIKKI
NICOLE,COLE
NIKOLAS,NICK
NIKOLAS,CLAES
NIKOLAS,NIC
NIKOLAS,NICKY
NIKOLAS,NICO
NIKOLAS,NICKIE
NIKOLE,NIKKI
NORA,NONIE
NORBERT,BERT
NORBERT,NORBY
NORBUSAMTE,NORBU
NOWELL,NOEL
OBADIAH,DYER
OBADIAH,OBED
OBADIAH,OBIE
OBADIAH,DIAH
OBEDIENCE,OBED
OBEDIENCE,BEDA
OBEDIENCE,BEEDY
OBEDIENCE,BIDDIE
OBIE,OBEDIAH
OCTAVIA,TAVE
OCTAVIA,TAVIA
ODELL,ODO
OLIVE,NOLLIE
OLIVE,LIVIA
OLIVE,OLLIE
OLIVER,OLLIE
OLIVIA,NOLLIE
OLIVIA,LIVIA
OLIVIA,OLLIE
OLLIE,OLIVER
ONICYPHOROUS,CYPHORUS
ONICYPHOROUS,OSAFORUS
ONICYPHOROUS,SYPHOROUS
ONICYPHOROUS,ONE
ONICYPHOROUS,CY
ONICYPHOROUS,OSAFORUM
ORILLA,RILLY
ORILLA,ORA
ORLANDO,ROLAND
ORPHELIA,PHELIA
OSSY,OZZY
OSWALD,OZZY
OSWALD,WALDO
OSWALD,OSSY
OTIS,ODE
OTIS,OTE
PAMELA,PAM
PANDORA,DORA
PARMELIA,AMELIA
PARMELIA,MILLY
PARMELIA,MELIA
PARTHENIA,TEENY
PARTHENIA,PARSUNY
PARTHENIA,PASOONIE
PARTHENIA,PHENIE
PATIENCE,PAT
PATIENCE,PATTY
PATRICIA,TRICIA
PATRICIA,PAT
PATRICIA,PATSY
PATRICIA,PATTY
PATRICIA,PATTI
PATRICK,PATE
PATRICK,PETER
PATRICK,PAT
PATRICK,PATSY
PATRICK,PADDY
PATSY,PATTY
PATTY,PATRICIA
PAUL,POLLY
PAULA,POLLY
PAULA,LINA
PAULINA,POLLY
PAULINA,LINA
PAULINE,POLLY
PEGGY,PEG
PELEGRINE,PERRY
PENELOPE,PENNY
PERCIVAL,PERCY
PEREGRINE,PERRY
PERMELIA,MELLY
PERMELIA,MILLY
PERMELIA,MELLIE
PERNETTA,NETTIE
PERSEPHONE,SEPH
PERSEPHONE,SEPHY
PETER,PETE
PETER,PATE
PETRONELLA,NELLIE
PHENEY,JOSEPHINE
PHERIBA,PHERBIA
PHERIBA,FERBIE
PHILADELPHIA,DELPHIA
PHILANDER,FIE
PHILETUS,LEET
PHILETUS,PHIL
PHILINDA,LINDA
PHILINDA,LYNN
PHILINDA,LINDY
PHILIP,PHIL
PHILIPINA,PHOEBE
PHILIPINA,PENIE
PHILLIP,PHIL
PHILLY,DELPHIA
PHILOMENA,MENAALMENA
PHOEBE,FIFI
PINCKNEY,PINK
PLEASANT,PLES
POCAHONTAS,POKEY
POSTHUMA,HUMEY
PRESCOTT,SCOTTY
PRESCOTT,SCOTT
PRESCOTT,PRES
PRISCILLA,PRISSY
PRISCILLA,CISSY
PRISCILLA,CILLA
PROVIDENCE,PROVY
PRUDENCE,PRUE
PRUDENCE,PRUDY
PRUDY,PRUDENCE
RACHEL,SHELLY
RAFAELA,RAFA
RAMONA,MONA
RANDOLPH,DOLPH
RANDOLPH,RANDY
RAPHAEL,RALPH
RAY,RAYMOND
RAYMOND,RAY
REBA,BECK
REBA,BECCA
REBECCA,BECK
REBECCA,BECCA
REBECCA,REBA
REBECCA,BECKY
REGGIE,REGINALD
REGGIE,REG
REGINA,REGGIE
REGINA,GINA
REGINALD,REGGIE
REGINALD,NALDO
REGINALD,REG
REGINALD,RENNY
RELIEF,LEAFA
REUBEN,RUBE
REYNOLD,REGINALD
RHODA,RODIE
RHODELLA,DELLA
RHYNA,RHYNIE
RICARDO,RICK
RICARDO,RICKY
RICH,DICK
RICH,RICK
RICHARD,DICK
RICHARD,DICKON
RICHARD,DICKIE
RICHARD,DICKY
RICHARD,RICK
RICHARD,RICH
RICHARD,RICKY
RICHARD,RICHIE
RICK,RICKY
RICKY,DICK
RICKY,RICH
ROBERT,HOB
ROBERT,HOBKIN
ROBERT,DOB
ROBERT,ROB
ROBERT,BOBBY
ROBERT,DOBBIN
ROBERT,BOB
ROBERTA,ROBBIE
ROBERTA,BERT
ROBERTA,BOBBIE
ROBERTA,BIRDIE
ROBERTA,BERTIE
RODERICK,ROD
RODERICK,ERICK
RODERICK,RICKIE
RODERICK,RODDY
RODGER,ROGE
RODGER,BOBBY
RODGER,HODGE
RODGER,ROD
RODGER,ROBBY
RODGER,RUPERT
RODGER,ROBIN
RODNEY,ROD
ROGER,ROGE
ROGER,BOBBY
ROGER,HODGE
ROGER,ROD
ROGER,ROBBY
ROGER,RUPERT
ROGER,ROBIN
ROLAND,ROLLO
ROLAND,LANNY
ROLAND,ORLANDO
ROLAND,ROLLY
RON,RONNIE
RON,RONNY
RONALD,NALDO
RONALD,RON
RONALD,RONNY
RONALD,RONNIE
RONNY,RONALD
ROSA,ROSE
ROSABEL,BELLE
ROSABEL,ROZ
ROSABEL,ROSA
ROSABEL,ROSE
ROSABELLA,BELLE
ROSABELLA,ROZ
ROSABELLA,ROSA
ROSABELLA,ROSE
ROSALINDA,LINDA
ROSALINDA,ROZ
ROSALINDA,ROSA
ROSALINDA,ROSE
ROSALYN,LINDA
ROSALYN,ROZ
ROSALYN,ROSA
ROSALYN,ROSE
ROSCOE,ROSS
ROSE,ROSIE
ROSEANN,ROSE
ROSEANN,ANN
ROSEANN,ROSIE
ROSEANN,ROZ
ROSEANNA,ROSE
ROSEANNA,ANN
ROSEANNA,ROSIE
ROSEANNA,ROZ
ROSEANNE,ANN
ROSINA,SINA
ROXANE,ROX
ROXANE,ROXIE
ROXANNA,ROXIE
ROXANNA,ROSE
ROXANNA,ANN
ROXANNE,ROXIE
ROXANNE,ROSE
ROXANNE,ANN
RUDOLPH,DOLPH
RUDOLPH,RUDY
RUDOLPH,OLPH
RUDOLPH,ROLF
RUDOLPHUS,DOLPH
RUDOLPHUS,RUDY
RUDOLPHUS,OLPH
RUDOLPHUS,ROLF
RUSSELL,RUSS
RUSSELL,RUSTY
RYAN,RY
SABRINA,BRINA
SAFIEEL,SAFIE
SALOME,LOOMIE
SALVADOR,SAL
SAMANTHA,SAMMY
SAMANTHA,SAM
SAMANTHA,MANTHA
SAMMY,SAMUEL
SAMPSON,SAM
SAMSON,SAM
SAMUEL,SAMMY
SAMUEL,SAM
SAMYRA,MYRA
SANDRA,SANDY
SANDRA,CASSANDRA
SANDY,SANDRA
SANFORD,SANDY
SARAH,SALLY
SARAH,SADIE
SARILLA,SILLA
SAVANNAH,VANNIE
SAVANNAH,ANNA
SCOTT,SCOTTY
SCOTT,SCEETER
SCOTT,SQUAT
SCOTT,SCOTTIE
SEBASTIAN,SEBBY
SEBASTIAN,SEB
SELMA,ANSELM
SERENA,RENA
SERILLA,RILLA
SEYMOUR,SEE
SEYMOUR,MOREY
SHAINA,SHA
SHAINA,SHAY
SHARON,SHA
SHARON,SHAY
SHEILA,CECILIA
SHELDON,SHELLY
SHELTON,TONY
SHELTON,SHEL
SHELTON,SHELLY
SHERIDAN,DAN
SHERIDAN,DANNY
SHERIDAN,SHER
SHERYL,SHER
SHIRLEY,SHERRY
SHIRLEY,LEE
SHIRLEY,SHIRL
SIBBILLA,SYBILL
SIBBILLA,SIBBIE
SIBBILLA,SIBBELL
SIDNEY,SYD
SIDNEY,SID
SIGFIRED,SID
SIGFRID,SID
SIGISMUND,SIG
SILAS,SI
SILENCE,LILEY
SILVESTER,VESTER
SILVESTER,SI
SILVESTER,SLY
SILVESTER,VEST
SILVESTER,SYL
SIMEON,SI
SIMEON,SION
SIMON,SI
SIMON,SION
SMITH,SMITTY
SOCRATES,CRATE
SOLOMON,SAL
SOLOMON,SALMON
SOLOMON,SOL
SOLOMON,SOLLY
SOLOMON,SAUL
SOLOMON,ZOLLY
SONDRA,DRE
SONDRA,SONNIE
SOPHIA,SOPHIE
SOPHRONIA,FRONA
SOPHRONIA,SOPHIA
SOPHRONIA,FRONIA
STEPHAN,STEVE
STEPHANIE,STEPHEN
STEPHANIE,STEPHIE
STEPHANIE,ANNIE
STEPHANIE,STEPH
STEPHEN,STEVE
STEPHEN,STEPH
STEVE,STEVIE
STEVEN,STEVE
STEVEN,STEPH
STEVEN,STEVIE
STUART,STU
SUE,SUSIE
SUE,SUSAN
SULLIVAN,SULLY
SULLIVAN,VAN
SULLY,SULLIVAN
SUSAN,HANNAH
SUSAN,SUSIE
SUSAN,SUE
SUSAN,SUKEY
SUSAN,SUZIE
SUSANNAH,HANNAH
SUSANNAH,SUSIE
SUSANNAH,SUE
SUSANNAH,SUKEY
SUSIE,SUZIE
SUZANNE,SUKI
SUZANNE,SUE
SUZANNE,SUSIE
SYBILL,SIBBIE
SYDNEY,SID
SYLVANUS,SLY
SYLVANUS,SYL
SYLVESTER,SY
SYLVESTER,SLY
SYLVESTER,VET
SYLVESTER,SYL
SYLVESTER,VESTER
SYLVESTER,SI
SYLVESTER,VESSIE
TABBY,TABITHA
TABITHA,TABBY
TAMARRA,TAMMY
TANAFRA,TANNY
TASHA,TASH
TASHA,TASHIE
TED,TEDDY
TEMPERANCE,TEMPY
TERENCE,TERRY
TERESA,TERRY
TERRY,TERENCE
TESS,TERESA
TESS,THERESA
TESSA,TERESA
TESSA,THERESA
THAD,THADDEUS
THADDEUS,THAD
THEO,THEODORE
THEODORA,DORA
THEODORE,THEO
THEODORE,TED
THEODORE,TEDDY
THEODOSIA,THEO
THEODOSIA,DOSIA
THEODOSIA,THEODOSIUS
THEOPHILUS,OPHI
THEOTHA,OTHA
THERESA,TESSIE
THERESA,THIRZA
THERESA,TESSA
THERESA,TERRY
THERESA,TRACY
THERESA,TESS
THERESA,THURSA
THOM,THOMAS
THOM,TOMMY
THOM,TOM
THOMAS,THOM
THOMAS,TOMMY
THOMAS,TOM
THOMASA,TAMZINE
TIFFANY,TIFF
TIFFANY,TIFFY
TILFORD,TILLIE
TIM,TIMOTHY
TIM,TIMMY
TIMMY,TIMOTHY
TIMOTHY,TIM
TIMOTHY,TIMMY
TINA,CHRISTINA
TOBIAS,BIAS
TOBIAS,TOBY
TOM,THOMAS
TOM,TOMMY
TOMMY,THOMAS
TONY,ANTHONY
TRANQUILLA,TRANNIE
TRANQUILLA,QUILLA
TRISHA,PATRICIA
TRIX,TRIXIE
TRUDY,GERTRUDE
TRYPHENA,PHENA
UNICE,EUNICE
UNICE,NICIE
URIAH,RIAH
URSULA,SULIE
URSULA,SULA
VALENTINA,FELTY
VALENTINA,VALLIE
VALENTINA,VAL
VALENTINE,FELTY
VALERI,VAL
VALERIE,VAL
VANBUREN,BUREN
VANDALIA,VANNIE
VANESSA,ESSA
VANESSA,VANNA
VANESSA,NESSA
VERNISEE,NICEY
VERONICA,VONNIE
VERONICA,RON
VERONICA,RONNA
VERONICA,RONIE
VERONICA,FRONY
VERONICA,FRANKY
VERONICA,RONNIE
VIC,VICKI
VIC,VICKY
VICKI,VICKY
VICKI,VICTORIA
VICKIE,VICTORIA
VICKY,VICTORIA
VICTOR,VIC
VICTOR,VICKIE
VICTOR,VICKY
VICTORIA,TORIE
VICTORIA,VIC
VICTORIA,VICKI
VICTORIA,TORY
VICTORIA,VICKY
VIJAY,VIJ
VINCENT,VIC
VINCENT,VINCE
VINCENT,VINNIE
VINCENT,VIN
VINCENT,VINNY
VINCENZO,VIC
VINCENZO,VINNIE
VINCENZO,VIN
VINCENZO,VINNY
VINCENZO,VINCE
VINSON,VINNY
VINSON,VINNIE
VINSON,VIN
VIOLA,OLA
VIOLA,VI
VIOLETTA,LETTIE
VIRGINIA,JANE
VIRGINIA,JENNIE
VIRGINIA,GINNY
VIRGINIA,VIRGY
VIRGINIA,GINGER
VIVIAN,VI
VIVIAN,VIV
WALDO,OZZY
WALDO,OSSY
WALLACE,WALLY
WALLY,WALT
WALTER,WALLY
WALTER,WALT
WASHINGTON,WASH
WEBSTER,WEBB
WENDY,WEN
WESLEY,WES
WESTLEY,WEST
WESTLEY,WES
WESTLEY,FARMBOY
WILBER,WILL
WILBER,BERT
WILBUR,WILLY
WILBUR,WILLIE
WILDA,WILLIE
WILFRED,WILL
WILFRED,WILLIE
WILFRED,FRED
WILFRED,WIL
WILHELM,WIL
WILHELM,WILLIE
WILHELMINA,MINA
WILHELMINA,WILMA
WILHELMINA,WILLIE
WILHELMINA,MINNIE
WILL,BILL
WILL,WILLIE
WILL,WILBUR
WILL,FRED
WILLIAM,WILLY
WILLIAM,BELL
WILLIAM,BELA
WILLIAM,BILL
WILLIAM,WILL
WILLIAM,BILLY
WILLIAM,WILLIE
WILLIAM,WIL
WILLIE,WILLIAM
WILLIE,FRED
WILLIS,WILLY
WILLIS,BILL
WILMA,WILLIAM
WILMA,BILLIE
WILMA,WILHELM
WILSON,WILL
WILSON,WILLY
WILSON,WILLIE
WINFIELD,FIELD
WINFIELD,WINNY
WINFIELD,WIN
WINIFRED,FREDDIE
WINIFRED,WINNIE
WINIFRED,WINNET
WINNIE,WINNIFRED
WINNIFRED,FREDDIE
WINNIFRED,FREDDY
WINNIFRED,WINNY
WINNIFRED,WINNIE
WINNIFRED,FRED
WINNY,WINNIFRED
WINTON,WINT
WOODROW,WOODY
WOODROW,WOOD
WOODROW,DREW
YEONA,ONIE
YEONA,ONA
YOSHIHIKO,YOSHI
YULAN,LAN
YULAN,YUL
YVONNE,VONNA
ZACH,ZACHARIAH
ZACHARIAH,ZACHY
ZACHARIAH,ZACH
ZACHARIAH,ZEKE
ZACHARIAH,ZAC
ZACHARIAH,ZACK
ZACHARIAH,ZAK
ZACHARIAH,ZAKK
ZACHARY,ZACHY
ZACHARY,ZACH
ZACHARY,ZEKE
ZACHARY,ZAC
ZACHARY,ZACK
ZACHARY,ZAK
ZACHARY,ZAKK
ZACHERY,ZACHY
ZACHERY,ZACH
ZACHERY,ZEKE
ZACHERY,ZAC
ZACHERY,ZACK
ZACHERY,ZAK
ZACHERY,ZAKK
ZEBEDEE,ZEB
ZEDEDIAH,DYER
ZEDEDIAH,ZED
ZEDEDIAH,DIAH
ZEPHANIAH,ZEPH
ADRI,ADRIAN
ADRIANCITO,ADRIAN
AL,ALBERTO
ALBERT,ALBERTO
ALBY,ALBERTO
BETO,ALBERTO
BEBETO,ALBERTO
BETIN,ALBERTO
ALEX,ALEJANDRO
ALEJO,ALEJANDRO
JANDO,ALEJANDRO
JANDRO,ALEJANDRO
PONCHO,ALFONSO
MONCHO,ALFONSO
FONSO,ALFONSO
TACHO,ANASTASIO
TONY,ANTONIO
TONO,ANTONIO
TONITO,ANTONIO
BEN,BENJAMIN
BENNY,BENJAMIN
BENJA,BENJAMIN
BENJAMON,BENJAMIN
BENJI,BENJAMIN
CHAMIN,BENJAMIN
MINCHO,BENJAMIN
BERNA,BERNARDO
BERNI,BERNARDO
CARLANGAS,CARLOS
CARLITOS,CARLOS
CHARLY,CARLOS
CHARLES,CARLOS
TEMO,CUAUHTEMOC
DANI,DANIEL
EDU,EDUARDO
EDUARDITOEDDY,EDUARDO
LALO,EDUARDO
YAYO,EDUARDO
EMI,EMILIO
MILO,EMILIO
EMMA,EMMANUEL
MANE,EMMANUEL
MANU,EMMANUEL
MANY,EMMANUEL
QUIQUE,ENRIQUE
RICKY,ENRIQUE
ROQUE,ENRIQUE
,ENRIQUE
ERNI,ERNESTO
NESTI,ERNESTO
NESTOR,ERNESTO
NETO,ERNESTO
FABIANCITO,FABIAN
FITO,FABIAN
FEDE,FEDERICO
FREDDY,FEDERICO
KIKO,FEDERICO
KIKI,FEDERICO
FELI,FELIPE
FELIPIN,FELIPE
GELIPE,FELIPE
PIPE,FELIPE
PIPO,FELIPE
FER,FERNANDO
FERCHO,FERNANDO
FERNA,FERNANDO
FERNANDITO,FERNANDO
FERNY,FERNANDO
CISCO,FRANCISCO
CHISCO,FRANCISCO
CURRO,FRANCISCO
FRAN,FRANCISCO
FRANCIS,FRANCISCO
FRANCO,FRANCISCO
FRANCHU,FRANCISCO
FRANK,FRANCISCO
PACO,FRANCISCO
PANCHO,FRANCISCO
PAQUITO,FRANCISCO
QUICO,FRANCISCO
GABY,GABRIEL
GABITO,GABRIEL
GABO,GABRIEL
GERA,GERARDO
GERARDITO,GERARDO
GERRY,GERARDO
GREGO,GREGORIO
GREGOR,GREGORIO
GOYO,GREGORIO
GOYITO,GREGORIO
LUPE,GUADALUPE
LUPILLO,GUADALUPE
LUPITO,GUADALUPE
GUILLE,GUILLERMO
MEMIN,GUILLERMO
MEMO,GUILLERMO
GUS,GUSTAVO
TAVITO,GUSTAVO
TAVO,GUSTAVO
NACHO,IGNACIO
NACHIN,IGNACIO
IGNA,IGNACIO
INAKI,IGNACIO
NACO,IGNACIO
ISMA,ISMAEL
CHUCHO,JESUS
CHUY,JESUS
CHUYITO,JESUS
CHUS,JESUS
JOACO,JOAQUIN
CHIMO,JOAQUIN
KIKIN,JOAQUIN
QUINO,JOAQUIN
QUINCHO,JOAQUIN
COCO,JORGE
COQUE,JORGE
CHEPE,JOSE
JOSECITO,JOSE
PEPE,JOSE
PEPITO,JOSE
CHEMA,JOSEMARIA
JOSEMA,JOSEMARIA
PEPEMARIA,JOSEMARIA
JOSERRA,JOSERAMON
CHE,JOSUE
JOS,JOSUE
JOSH,JOSUE
JUANCHI,JUAN
JUANCHO,JUAN
JUANELO,JUAN
JUANCA,JUANCARLOS
JUANCAR,JUANCARLOS
JUAMPA,JUANPABLO
JUAMPI,JUANPABLO
JUAMPIS,JUANPABLO
GÜICHO,LUIS
LUCHO,LUIS
LUISITO,LUIS
LUISFER,LUISFERNANDO
LUISMI,LUISMIGUEL
MIGUE,MIGUEL
MIGUELON,MIGUEL
MIKE,MIGUEL
MIKE,MIGUEL
MIKI,MIGUEL
MOI,MOISES
MOICAS,MOISES
MOY,MOISES
NICO,NICOLAS
COLATE,NICOLAS
COLACHO,NICOLAS
NIKI,NICOLAS
PATO,PATRICIO
PERICO,PEDRO
PEDRUCHO,PEDRO
PETER,PEDRO
RAMI,RAMIRO
RAMIS,RAMIRO
MONCHE,RAMON
MONCHO,RAMON
MONCHITO,RAMON
RAULITO,RAUL
RULAS,RAUL
RULIS,RAUL
RULO,RAUL
RULY,RAUL
KIKI,RICARDO
RICA,RICARDO
RICHAR,RICARDO
RICHI,RICARDO
RICKY,RICARDO
BETO,ROBERTO
BOBBY,ROBERTO
ROBER,ROBERTO
ROLA,ROLANDO
ROLAN,ROLANDO
ROLO,ROLANDO
CHAVA,SALVADOR
CHAVITA,SALVADOR
SAL,SALVADOR
SALVA,SALVADOR
CHECO,SERGIO
CHECHO,SERGIO
KEKO,SERGIO
SERCH,SERGIO
YAYO,SERGIO
YAYITO,SERGIO
CHANDE,VICENTE
CHENTE,VICENTE
CHELO,VICENTE
VICO,VICENTE
VITE,VICENTE
VIC,VICTOR
VICO,VICTOR
VITOLO,VICTOR
ADRI,ADRIANA
ALI,ALICIA
LICHA,ALICIA
ANALU,ANALUCIA
ANAPAU,ANAPAULA
ANDI,ANDREA
NEA,ANDREA
BAR,BARBARA
BARBI,BARBARA
BEA,BEATRIZ
BETY,BEATRIZ
BERE,BERENICE
CARITO,CAROLINA
CARO,CAROLINA
CAROL,CAROLINA
CAROLA,CAROLINA
LINA,CAROLINA
CECI,CECILIA
CECIL,CECILIA
CHECHI,CECILIA
CHECHU,CECILIA
,CECILIA
CRIS,CRISTINA
CRISTI,CRISTINA
CRISTINITA,CRISTINA
TINA,CRISTINA
CONCE,CONCEPCION
CONCHA,CONCEPCION
CONCHIS,CONCEPCION
CONCHITA,CONCEPCION
CONI,CONSTANZA
COTI,CONSTANZA
CHELO,CONSUELO
DANI,DANIELA
DANIELITA,DANIELA
NANY,DANIELA
LOLA,DOLORES
LOLI,DOLORES
LOLIS,DOLORES
LOLITA,DOLORES
ELE,ELENA
ELENI,ELENA
LENA,ELENA
NENA,ELENA
ELO,ELOISA
ERI,ERIKA
KIKA,ERIKA
ESPE,ESPERANZA
LANCHA,ESPERANZA
PELANCHA,ESPERANZA
PERA,ESPERANZA
PERIS,ESPERANZA
PERITA,ESPERANZA
ESTEFA,ESTEFANIA
ESTEFI,ESTEFANIA
FANY,ESTEFANIA
NANI,ESTEFANIA
TEFI,ESTEFANIA
FER,FERNANDA
FERCHA,FERNANDA
FERCHITA,FERNANDA
FERNI,FERNANDA
NANDA,FERNANDA
NANDITA,FERNANDA
CISCA,FRANCISCA
CHICA,FRANCISCA
FRAN,FRANCISCA
KIKA,FRANCISCA
PACA,FRANCISCA
PANCHA,FRANCISCA
PANCHITA,FRANCISCA
PAQUI,FRANCISCA
PAQUITA,FRANCISCA
GENO,GENOVEVA
VEVA,GENOVEVA
CHELA,GRACIELA
GUADA,GUADALUPE
LUPE,GUADALUPE
LUPITA,GUADALUPE
GUILLE,GUILLERMINA
MEMINA,GUILLERMINA
MINA,GUILLERMINA
NECHO,INES
NENA,INES
ISA,ISABEL
CHABE,ISABEL
CHABELA,ISABEL
CHEPINA,JOSEFINA
FINA,JOSEFINA
JOSE,JOSEFINA
PEPA,JOSEFINA
PEPITA,JOSEFINA
PINA,JOSEFINA
PINI,JOSEFINA
LALA,LAURA
LORI,LAURA
LAU,LAURA
LAURIS,LAURA
LULA,LOURDES
LULIS,LOURDES
LULU,LOURDES
MAR,MARCELA
MARCE,MARCELA
CHELA,MARCELA
CHELITA,MARCELA
MARI,MARIA
MARIQUITA,MARIA
MARUJA,MARIA
MARICARMEN,MARIADELCARMEN
MARIELE,MARIAELENA
LENA,MARIAELENA
MARIENA,MARIAELENA
NENA,MARIAELENA
MARU,MARIAEUGENIA
MARUJA,MARIAEUGENIA
MARA,MARIAEUGENIA
MANE,MARIAEUGENIA
MAFE,MARIAFERNANDA
MAFER,MARIAFERNANDA
MARIFER,MARIAFERNANDA
FERCHA,MARIAFERNANDA
MAYE,MARIAFERNANDA
CHEPA,MARIAJOSE
MAJO,MARIAJOSE
MARIJO,MARIAJOSE
MARIJOSE,MARIAJOSE
MARIAPEPA,MARIAJOSE
MARIPEPI,MARIAJOSE
MARIAPEPITO,MARIAJOSE
CHUS,MARIAJESUS
MARIJO,MARIAJESUS
MARILU,MARIALUISA
MARITERE,MARIATERESA
MERCE,MERCEDES
MECHE,MERCEDES
MECHITA,MERCEDES
MERCI,MERCEDES
MERCHI,MERCEDES
MONI,MONICA
MONA,MONICA
NATA,NATALIA
NATI,NATALIA
MONA,RAMONA
MONCHA,RAMONA
MONCHITA,RAMONA
MONSI,RAMONA
BECA,REBECA
BECKY,REBECA
REBE,REBECA
REBEQUITA,REBECA
GINA,REGINA
REGINITA,REGINA
CHIO,ROCIO
ROCI,ROCIO
ROSI,ROCIO
ROSI,ROSA
ROSITA,ROSA
CHARO,ROSARIO
CHAYO,ROSARIO
CHIVA,SILVIA
CHIVIS,SILVIA
SILVIS,SILVIA
COCO,SOCORRO
COCOY,SOCORRO
COQUIS,SOCORRO
SOCO,SOCORRO
CHOLE,SOLEDAD
SOL,SOLEDAD
SOLE,SOLEDAD
YOLA,YOLANDA
YOLI,YOLANDA
YOYA,YOLANDA
YOYIS,YOLANDA
VICKY,VICTORIA
ERIN,AARON
RONNIE,AARON
RON,AARON
NABBY,ABBIGAIL
ABBY,ABBIGAIL
GAIL,ABBIGAIL
ABBI,ABBIGAIL
ABBEY,ABBIGAIL
BEDNEY,ABEDNEGO
EBBIE,ABEL
AB,ABEL
ABE,ABEL
EB,ABEL
AB,ABIEL
NABBY,ABIGAIL
ABBY,ABIGAIL
GAIL,ABIGAIL
AB,ABIJAH
BIGE,ABIJAH
AB,ABNER
AB,ABRAHAM
ABE,ABRAHAM
AB,ABRAM
ABE,ABRAM
APP,ABSALOM
AB,ABSALOM
ABBIE,ABSALOM
ADDY,ADA
DELIA,ADALINE
LENA,ADALINE
DELL,ADALINE
ADDY,ADALINE
ADA,ADALINE
ADDIE,ADDISON
ADDY,ADDISON
DELLA,ADELA
HEIDI,ADELAIDE
ADELE,ADELAIDE
DELL,ADELAIDE
ADDY,ADELAIDE
DELLA,ADELAIDE
DEL,ADELBERT
ALBERT,ADELBERT
DELBERT,ADELBERT
BERT,ADELBERT
ADDY,ADELE
DELL,ADELE
DELIA,ADELINE
LENA,ADELINE
DELL,ADELINE
ADDY,ADELINE
ADA,ADELINE
PHILLY,ADELPHIA
DELPHIA,ADELPHIA
ADELE,ADELPHIA
DELL,ADELPHIA
ADDY,ADELPHIA
DOLPH,ADOLPHUS
ADO,ADOLPHUS
ADOLPH,ADOLPHUS
RIAN,ADRIAN
RIANE,ADRIANE
ADDIE,ADRIENNE
RIENNE,ADRIENNE
ENNE,ADRIENNE
AGGY,AGATHA
INEZ,AGNES
AGGY,AGNES
NESSA,AGNES
LENA,AILEEN
ALLIE,AILEEN
AL,ALAN
AL,ALANSON
LANSON,ALANSON
AL,ALASTAIR
ALI,ALAZAMA
BERT,ALBERT
AL,ALBERT
BERT,ALBERTA
ALLIE,ALBERTA
BERTIE,ALBERTA
AL,ALDO
RICHE,ALDRICH
RICH,ALDRICH
ALEX,ALEKSANDR
ALEK,ALEKSANDR
LEVY,ALEVA
LEVE,ALEVA
AL,ALEX
ALEX,ALEXANDER
AL,ALEXANDER
SANDY,ALEXANDER
ALEC,ALEXANDER
ALEX,ALEXANDRA
SANDY,ALEXANDRA
ALLA,ALEXANDRA
SANDRA,ALEXANDRA
DRINA,ALEXANDRIA
ALEXANDER,ALEXANDRIA
ALLA,ALEXANDRIA
SANDRA,ALEXANDRIA
LEXI,ALEXIS
AL,ALFONSE
FREDDY,ALFRED
AL,ALFRED
FRED,ALFRED
FREDDY,ALFREDA
ALFY,ALFREDA
FREDA,ALFREDA
FRIEDA,ALFREDA
ALGY,ALGERNON
LISA,ALICE
ELSIE,ALICE
ALLIE,ALICE
LISA,ALICIA
ELSIE,ALICIA
ALLIE,ALICIA
ADELINE,ALINE
ALI,ALISON
ALLIE,ALISON
ALIX,ALIXANDRA
AL,ALLAN
AL,ALLEN
ALLIE,ALLISANDRA
ALI,ALLISON
ALLIE,ALLISON
ALLY,ALLYSON
ALLIE,ALLYSON
ALLY,ALLYSSA
ALLIE,ALLYSSA
MENA,ALMENA
ALLIE,ALMENA
MINNIE,ALMINA
MYRA,ALMIRA
LON,ALONZO
AL,ALONZO
LONZO,ALONZO
ALPHUS,ALPHINIAS
ALLY,ALTHEA
VIRDIE,ALVERTA
VERT,ALVERTA
LISSIA,ALYSSA
AL,ALYSSA
ALLY,ALYSSA
ZADA,ALZADA
MANDY,AMANDA
MANDA,AMANDA
BROSE,AMBROSE
AMY,AMELIA
MEL,AMELIA
MILLIE,AMELIA
EMILY,AMELIA
MOSES,AMOS
ANA,ANASTASIA
STACY,ANASTASIA
ANDY,ANDERSON
DREA,ANDRE
DREA,ANDREA
REA,ANDREA
ANDREW,ANDREA
ANDY,ANDREW
DREW,ANDREW
ADA,ANDRIANE
ADRI,ANDRIANE
RIENNE,ANDRIANE
ANGEL,ANGELA
ANGIE,ANGELA
ANGIE,ANGELICA
ANGEL,ANGELICA
ANGEL,ANGELINA
ANGIE,ANGELINA
LINA,ANGELINA
ANNIE,ANN
NAN,ANN
ANNE,ANNA
ANN,ANNA
ANNIE,ANNA
NAN,ANNA
ANNIE,ANNE
ANN,ANNE
NAN,ANNE
ANNA,ANNETTE
NETTIE,ANNETTE
ANN,ANNIE
ANNA,ANNIE
ANSEL,ANSELM
SELMA,ANSELM
ANSE,ANSELM
ANCE,ANSELM
ANT,ANTHONY
TONY,ANTHONY
TONY,ANTOINETTE
NETTA,ANTOINETTE
ANN,ANTOINETTE
TONY,ANTONIA
NETTA,ANTONIA
ANN,ANTONIA
ANT,ANTONIO
TONY,ANTONIO
APPY,APPOLINE
APPIE,APPOLINE
QUIL,AQUILLA
QUILLIE,AQUILLA
BELLE,ARA
ARRY,ARA
ARA,ARABELLA
BELLA,ARABELLA
ARRY,ARABELLA
BELLE,ARABELLA
ARA,ARABELLE
BELLA,ARABELLE
ARRY,ARABELLE
BELLE,ARABELLE
ARMIDA,ARAMINTA
MIDDIE,ARAMINTA
RUMINTA,ARAMINTA
MINTY,ARAMINTA
ARCHIE,ARCHIBALD
KILL,ARCHILLES
KILLIS,ARCHILLES
ARIE,ARIADNE
ARI,ARIADNE
ARIE,ARIELLE
TELLY,ARISTOTLE
ONIE,ARIZONA
ONA,ARIZONA
ARLY,ARLENE
LENA,ARLENE
MANDY,ARMANDA
MENA,ARMENA
ARRY,ARMENA
MILLY,ARMILDA
MINDIE,ARMINDA
MINITE,ARMINTA
MINNIE,ARMINTA
ARNIE,ARNOLD
ERIN,ARON
RONNIE,ARON
RON,ARON
EPSEY,ARTELEPSA
ART,ARTEMUS
ART,ARTHUR
THURSA,ARTHUSA
ZADDI,ARZADA
ASA,ASAHEL
ASA,ASAPH
SENE,ASENATH
ASSENE,ASENATH
NATTY,ASENATH
ASH,ASHLEY
LEAH,ASHLEY
LEE,ASHLEY
BREE,AUBREY
DEE,AUDREY
GUS,AUGUST
TINA,AUGUSTA
AGGY,AUGUSTA
GATSY,AUGUSTA
GUSSIE,AUGUSTA
TINA,AUGUSTINA
AGGY,AUGUSTINA
GATSY,AUGUSTINA
GUSSIE,AUGUSTINA
GUS,AUGUSTINE
AUSTIN,AUGUSTINE
AUGUST,AUGUSTINE
GUS,AUGUSTUS
AUSTIN,AUGUSTUS
AUGUST,AUGUSTUS
REE,AURELIA
RILLY,AURELIA
ORILLA,AURELIA
AURILLA,AURELIA
ORA,AURELIA
RILLA,AVARILLA
RIAH,AZARIAH
AZE,AZARIAH
BARBY,BAB
BARBY,BABS
BARBARA,BABS
BAB,BABS
BARBY,BARBARA
BABS,BARBARA
BAB,BARBARA
BOBBIE,BARBARA
BARBARA,BARBERY
BARBARA,BARBIE
BARNEY,BARNABAS
BARNABAS,BARNEY
BARTHOLOMEW,BART
BARTEL,BARTHOLOMEW
BAT,BARTHOLOMEW
MEUS,BARTHOLOMEW
BART,BARTHOLOMEW
MEES,BARTHOLOMEW
BART,BARTICUS
BASIL,BAZALEEL
BEATRICE,BEA
BEA,BEATRICE
TRISHA,BEATRICE
TRIXIE,BEATRICE
TRIX,BEATRICE
BECK,BECCA
BECKY,BECK
DELIA,BEDELIA
BRIDGIT,BEDELIA
BELLE,BELINDA
LINDA,BELINDA
BELLE,BELLA
ARABELLA,BELLA
ISABELLA,BELLA
BENNIE,BENEDICT
BEN,BENEDICT
BENJY,BENJAMIN
JAMIE,BENJAMIN
BENNIE,BENJAMIN
BEN,BENJAMIN
BENNY,BENJAMIN
BENJAMIN,BENJY
BARNEY,BERNARD
BERNIE,BERNARD
BERNEY,BERNARD
BERNIE,BERNEY
BERTIE,BERT
BOB,BERT
BOBBY,BERT
BERT,BERTHA
BIRDIE,BERTHA
BERTIE,BERTHA
BERT,BERTRAM
BESSIE,BESS
BETSY,BETH
BETTY,BETH
ELIZABETH,BETH
BETH,BETHENA
THANEY,BETHENA
BEV,BEVERLY
ZEELY,BEZALEEL
BIDDY,BIDDIE
WILLIAM,BILL
BILLY,BILL
ROBERT,BILL
WILLIE,BILL
FRED,BILL
WILLIAM,BILLY
ROBERT,BILLY
FRED,BILLY
BEA,BLANCHE
ROB,BOB
ROBERT,BOB
ROB,BOBBY
BOB,BOBBY
BO,BOETIUS
BRADFORD,BRAD
FORD,BRAD
FORD,BRADFORD
BRAD,BRADFORD
BRAD,BRADLEY
BRODY,BRADY
BREE,BREANNA
BRI,BREANNA
BREE,BREEANNA
BRANDY,BRENDA
BRYAN,BRIAN
BRYANT,BRIAN
BRI,BRIANNA
BRIDIE,BRIDGET
BIDDY,BRIDGET
BRIDGIE,BRIDGET
BIDDIE,BRIDGET
BRITT,BRITTANY
BRITT,BRITTNEY
RICKY,BRODERICK
BRODY,BRODERICK
BRADY,BRODERICK
RICK,BRODERICK
CAIT,CAITLIN
CAITY,CAITLIN
CAIT,CAITLYN
CAITY,CAITLYN
CALLIEDONA,CALDONIA
CAL,CALEB
CALLIE,CALIFORNIA
KISSY,CALISTA
CALLY,CALPURNIA
VIN,CALVIN
VINNY,CALVIN
CAL,CALVIN
RON,CAMERON
CAM,CAMERON
RONNY,CAMERON
MILLIE,CAMILLE
CAMMIE,CAMILLE
CAM,CAMPBELL
CANDY,CANDACE
DACEY,CANDACE
LOTTIE,CARLOTTA
CARL,CARLTON
MELLIA,CARMELLIA
MELO,CARMELO
CHARM,CARMON
CAMMIE,CARMON
CARM,CARMON
LYNN,CAROL
CARRIE,CAROL
CAROLANN,CAROL
CASSIE,CAROL
CAROLINE,CAROL
CAROLE,CAROL
CAROL,CAROLANN
CAROLE,CAROLANN
LYNN,CAROLINE
CAROL,CAROLINE
CARRIE,CAROLINE
CASSIE,CAROLINE
CAROLE,CAROLINE
LYNN,CAROLYN
CARRIE,CAROLYN
CASSIE,CAROLYN
CASSIE,CARRIE
ETTA,CARTHAETTE
ETTY,CARTHAETTE
K.C.,CASEY
JASPER,CASPER
SANDY,CASSANDRA
CASSIE,CASSANDRA
SANDRA,CASSANDRA
CASSIE,CASSIDY
CASS,CASSIDY
CASS,CASWELL
KATHY,CATHERINE
KATY,CATHERINE
LENA,CATHERINE
KITTIE,CATHERINE
KIT,CATHERINE
TRINA,CATHERINE
CATHY,CATHERINE
KAY,CATHERINE
CASSIE,CATHERINE
KATHY,CATHLEEN
KATY,CATHLEEN
LENA,CATHLEEN
KITTIE,CATHLEEN
KIT,CATHLEEN
TRINA,CATHLEEN
CATHY,CATHLEEN
KAY,CATHLEEN
CASSIE,CATHLEEN
KATHY,CATHY
CATHLEEN,CATHY
CATHERINE,CATHY
CISSY,CECILIA
CELIA,CECILIA
CED,CEDRIC
RICK,CEDRIC
RICKY,CEDRIC
LESSIE,CELESTE
CELIA,CELESTE
LINDA,CELINDA
LYNN,CELINDA
LINDY,CELINDA
CHAT,CHARITY
CHARLIE,CHARLES
CHUCK,CHARLES
CARL,CHARLES
CHICK,CHARLES
CHARLES,CHARLIE
CHUCK,CHARLIE
CHAR,CHARLOTTE
SHERRY,CHARLOTTE
LOTTIE,CHARLOTTE
LOTTA,CHARLOTTE
CHAN,CHAUNCEY
CHER,CHERYL
CHET,CHESLEY
CHET,CHESTER
CHESTER,CHET
CHARLOTTE,CHICK
CAROLINE,CHICK
CHUCK,CHICK
CLO,CHLOE
CHRISTINA,CHRIS
CHRISTOPHER,CHRIS
CHRISTINE,CHRIS
CHRIS,CHRISTA
CHRIS,CHRISTIAN
KIT,CHRISTIAN
KRIS,CHRISTIANA
KRISTY,CHRISTIANA
ANN,CHRISTIANA
TINA,CHRISTIANA
CHRISTY,CHRISTIANA
CHRIS,CHRISTIANA
CRISSY,CHRISTIANA
CHRIS,CHRISTIANO
KRIS,CHRISTINA
KRISTY,CHRISTINA
TINA,CHRISTINA
CHRISTY,CHRISTINA
CHRIS,CHRISTINA
CRISSY,CHRISTINA
KRIS,CHRISTINE
KRISTY,CHRISTINE
CHRISSY,CHRISTINE
TINA,CHRISTINE
CHRIS,CHRISTINE
CRISSY,CHRISTINE
CHRIS,CHRISTOPH
CHRIS,CHRISTOPHER
KIT,CHRISTOPHER
CRISSY,CHRISTY
CILLA,CICELY
ARILLA,CINDERELLA
RELLA,CINDERELLA
CINDY,CINDERELLA
RILLA,CINDERELLA
CINDERELLA,CINDY
CLAIR,CLAIRE
CLARE,CLAIRE
CLARA,CLAIRE
CLARISSA,CLARA
CLARA,CLARE
CLARE,CLARENCE
CLAIR,CLARENCE
CLARA,CLARINDA
CISSY,CLARISSA
CLARA,CLARISSA
CLAUD,CLAUDIA
CLEAT,CLEATUS
CLEM,CLEMENT
CLEMENT,CLEMENTINE
CLEM,CLEMENTINE
CLIFFORD,CLIFF
CLIFF,CLIFF
FORD,CLIFFORD
CLIFF,CLIFFORD
TONY,CLIFTON
CLIFF,CLIFTON
COLIE,COLE
CLUM,COLUMBUS
CONNY,CON
CONNY,CONRAD
CON,CONRAD
CONNIE,CONSTANCE
CORDY,CORDELIA
DELIA,CORDELIA
COCO,COREY
CORDY,COREY
REE,COREY
CORA,CORINNE
ORA,CORINNE
NELLY,CORNELIA
CORNIE,CORNELIA
NELIA,CORNELIA
CORNY,CORNELIA
NELLE,CORNELIA
CONNY,CORNELIUS
NIEL,CORNELIUS
CORNY,CORNELIUS
CON,CORNELIUS
COCO,CORY
CORDY,CORY
REE,CORY
CURT,COURTNEY
COURT,COURTNEY
CHRIS,CRYSTAL
TAL,CRYSTAL
STAL,CRYSTAL
CRYS,CRYSTAL
CURT,CURTIS
CINTHA,CYNTHIA
CINDY,CYNTHIA
SWENE,CYRENIUS
CY,CYRENIUS
SERENE,CYRENIUS
RENIUS,CYRENIUS
CENE,CYRENIUS
CY,CYRUS
DAL,DAHL
DAHL,DALTON
DAL,DALTON
DAN,DANIEL
DANNY,DANIEL
DANN,DANIEL
ELLIE,DANIELLE
DANI,DANIELLE
DANIEL,DANNY
DAPH,DAPHNE
DAPHIE,DAPHNE
LENA,DARLENE
DARRY,DARLENE
DAVE,DAVID
DAY,DAVID
DAVEY,DAVID
ANN,DEANNE
DEE,DEANNE
DEB,DEBBIE
DEBRA,DEBBIE
DEBORAH,DEBBIE
DEBBY,DEBBIE
DEB,DEBBY
DEB,DEBORA
DEBBIE,DEBORA
DEBBY,DEBORA
DEB,DEBORAH
DEBBIE,DEBORAH
DEBBY,DEBORAH
DEB,DEBRA
DEBBIE,DEBRA
DEEDEE,DEIDRE
BERT,DELBERT
DEL,DELBERT
FIDELIA,DELIA
CORDELIA,DELIA
DELIUS,DELIA
LIL,DELILAH
LILA,DELILAH
DELL,DELILAH
DELLA,DELILAH
DELLY,DELIVERANCE
DILLY,DELIVERANCE
DELLA,DELIVERANCE
ADELA,DELLA
DELILAH,DELLA
ADELAIDE,DELLA
DELL,DELLA
LOLLY,DELORES
LOLA,DELORES
DELLA,DELORES
DEE,DELORES
DELL,DELORES
PHILADELPHIA,DELPHA
DELPHI,DELPHINE
DEL,DELPHINE
DELF,DELPHINE
DEA,DEMARIS
MARIS,DEMARIS
MARY,DEMARIS
DEA,DEMERIAS
MARIS,DEMERIAS
MARY,DEMERIAS
MOCK,DEMOCRATES
DENNY,DENNIS
DENNY,DENNISON
RICKY,DERRICK
ERIC,DERRICK
RICK,DERRICK
DUTY,DEUTERONOMY
DICEY,DIANA
DIDI,DIANA
DI,DIANA
DICEY,DIANE
DIDI,DIANE
DI,DIANE
DICIE,DICEY
RICK,DICK
RICHARD,DICK
DICK,DICKSON
DOM,DOMENIC
DOM,DOMINIC
DOM,DOMINICK
DONY,DONALD
DONNIE,DONALD
DON,DONALD
DONNY,DONALD
DONY,DONOVAN
DONNIE,DONOVAN
DON,DONOVAN
DONNY,DONOVAN
DARKEY,DORCUS
DOROTHEA,DORINDA
DORA,DORINDA
DORA,DORIS
DODA,DOROTHEA
DORA,DOROTHEA
DORTHA,DOROTHY
DOLLY,DOROTHY
DOT,DOROTHY
DOTTY,DOROTHY
DOTTY,DOTHA
DOT,DOTTY
DOUG,DOUGLAS
SILLA,DRUSILLA
DUNK,DUNCAN
ERNESTINE,EARNEST
ERNIE,EARNEST
EB,EBBIE
EBBIE,EBENEZER
EBEN,EBENEZER
EB,EBENEZER
ED,EDDIE
ED,EDDY
ED,EDGAR
EDDIE,EDGAR
EDDY,EDGAR
EDIE,EDITH
EDYE,EDITH
ED,EDMOND
EDDIE,EDMOND
EDDY,EDMOND
ED,EDMUND
EDDIE,EDMUND
TED,EDMUND
EDDY,EDMUND
NED,EDMUND
EDNY,EDNA
ED,EDUARDO
EDDIE,EDUARDO
EDDY,EDUARDO
TEDDY,EDWARD
ED,EDWARD
NED,EDWARD
TED,EDWARD
EDDY,EDWARD
EDDIE,EDWARD
ED,EDWIN
EDDIE,EDWIN
WIN,EDWIN
EDDY,EDWIN
NED,EDWIN
EDWIN,EDWINA
EDIE,EDYTH
EDYE,EDYTH
EDIE,EDYTHE
EDYE,EDYTHE
BERT,EGBERT
BURT,EGBERT
ATHY,EIGHTA
HELEN,EILEEN
LAINIE,ELAINE
HELEN,ELAINE
ALBERT,ELBERT
ELBERT,ELBERTSON
BERT,ELBERTSON
LANNA,ELEANOR
NORA,ELEANOR
NELLY,ELEANOR
ELLIE,ELEANOR
ELAINE,ELEANOR
ELLEN,ELEANOR
LENORA,ELEANOR
LAZAR,ELEAZER
HELEN,ELENA
ELI,ELIAS
LEE,ELIAS
LIAS,ELIAS
LIGE,ELIJAH
ELI,ELIJAH
LIFE,ELIPHALEL
LEFT,ELIPHALET
LISA,ELISA
LISH,ELISHA
ELI,ELISHA
ELIZABETH,ELIZA
LIBBY,ELIZABETH
LISA,ELIZABETH
LIB,ELIZABETH
LIZZY,ELIZABETH
LIZZIE,ELIZABETH
ELIZA,ELIZABETH
BETSY,ELIZABETH
LIZA,ELIZABETH
BETTY,ELIZABETH
BESSIE,ELIZABETH
BESS,ELIZABETH
BETH,ELIZABETH
LIZ,ELIZABETH
ELLEN,ELLA
NELLIE,ELLEN
NELL,ELLEN
HELEN,ELLEN
NELLIE,ELLENDER
ELLEN,ELLENDER
HELEN,ELLENDER
ELLY,ELLIE
ELSEY,ELLSWOOD
MINNIE,ELMINIE
ELLIE,ELMIRA
ELLY,ELMIRA
MIRA,ELMIRA
NORA,ELNORA
HELOISE,ELOISE
LOUISE,ELOISE
LOUISE,ELOUISE
ELSEY,ELSIE
ELSEY,ELSWOOD
ELVIE,ELVIRA
WOODY,ELWOOD
LISA,ELYSIA
ELSEY,ELZE
MANUEL,EMANUEL
MANNY,EMANUEL
EM,EMELINE
EMMY,EMELINE
EMMA,EMELINE
MILLY,EMELINE
EMILY,EMELINE
EMILY,EMIL
EMMY,EMILY
MILLIE,EMILY
EMMA,EMILY
MEL,EMILY
EMMY,EMMA
DITE,EPAPHRODITIUS
DITUS,EPAPHRODITIUS
EPPA,EPAPHRODITIUS
DYCHE,EPAPHRODITIUS
DYCE,EPAPHRODITIUS
EPH,EPHRAIM
RAZE,ERASMUS
RASMUS,ERASMUS
RICK,ERIC
RICKY,ERIC
ERNIE,ERNEST
TEENY,ERNESTINE
ERNEST,ERNESTINE
TINA,ERNESTINE
ERNA,ERNESTINE
IRWIN,ERWIN
SENIE,ESENETH
ES,ESSY
ESSY,ESTELLA
STELLA,ESTELLA
ESSY,ESTELLE
STELLA,ESTELLE
HESTER,ESTHER
ESSIE,ESTHER
DICEY,EUDICY
DORA,EUDORA
DOSSIE,EUDORIS
DOSIE,EUDORIS
GENE,EUGENE
NICIE,EUNICE
EFFIE,EUPHEMIA
EFFY,EUPHEMIA
DICEY,EURYDICE
STACIA,EUSTACIA
STACY,EUSTACIA
EVE,EVA
EVA,EVALINE
LENA,EVALINE
EVE,EVALINE
EV,EVANGELINE
EVAN,EVANGELINE
VANGIE,EVANGELINE
EVELINA,EVELYN
EV,EVELYN
EVE,EVELYN
EXIE,EXPERIENCE
ZEKE,EZEKIEL
EZ,EZEKIEL
EZ,EZIDEEN
EZ,EZRA
FAY,FAITH
FEL,FELICIA
FELIX,FELICIA
FELI,FELICIA
FLICK,FELICITY
TICK,FELICITY
FELTY,FELTIE
FREDDIE,FERDINAND
FREDDY,FERDINAND
FERDIE,FERDINAND
FRED,FERDINAND
NANDO,FERDINANDO
FERDIE,FERDINANDO
FRED,FERDINANDO
DELIA,FIDELIA
FLORENCE,FLO
FLORENCE,FLORA
FLOSSY,FLORENCE
FLORA,FLORENCE
FLO,FLORENCE
LLOYD,FLOYD
FRANNIE,FRAN
SIS,FRANCES
CISSY,FRANCES
FRANKIE,FRANCES
FRANNIEY,FRANCES
FRAN,FRANCES
FRANCIE,FRANCES
FRANNIE,FRANCES
FANNY,FRANCES
FRANCINE,FRANCIE
FRANNIEY,FRANCINE
FRAN,FRANCINE
FRANNIE,FRANCINE
FRANCIE,FRANCINE
FRAN,FRANCIS
FRANKIE,FRANCIS
FRANK,FRANCIS
FRANKLIN,FRANK
FRANK,FRANKIE
FRANCIS,FRANKIE
FRAN,FRANKLIN
FRANK,FRANKLIN
FRANK,FRANKLIND
FRIEDA,FREDA
FREDERICK,FREDERICA
FREDDY,FREDERICA
FREDDIE,FREDERICK
FREDDY,FREDERICK
FRITZ,FREDERICK
FRED,FREDERICK
FREDDY,FREDERICKA
RICKA,FREDERICKA
FREDA,FREDERICKA
FRIEDA,FREDERICKA
FREDDIE,FRIEDA
FREDDY,FRIEDA
FRED,FRIEDA
GABE,GABRIEL
GABBY,GABRIEL
ELLA,GABRIELLA
GABBY,GABRIELLA
ELLA,GABRIELLE
GABBY,GABRIELLE
GARRI,GARRICK
JEAN,GENEVIEVE
EVE,GENEVIEVE
JENNY,GENEVIEVE
GEOFF,GEOFFREY
JEFF,GEOFFREY
GEORGIE,GEORGE
GEORGIA,GEORGIANA
GERRY,GERALD
JERRY,GERALD
GERRY,GERALDINE
GERRIE,GERALDINE
JERRY,GERALDINE
DINA,GERALDINE
GAY,GERHARDT
GERTRUDE,GERTIE
GERT,GERTIE
GERTIE,GERTRUDE
GERT,GERTRUDE
TRUDY,GERTRUDE
BERT,GILBERT
GIL,GILBERT
WILBER,GILBERT
GIO,GIOVANNI
GLORY,GLORIA
GOVIE,GOVERNOR
GREEN,GREENBERRY
BERRY,GREENBERRY
GREGG,GREGGORY
GREG,GREGORY
GORY,GREGORY
MARGARET,GRETCHEN
GRISSEL,GRISELDA
MONTY,GUM
GUSSIE,GUS
GUS,GUSTAVUS
GUSSIE,GUSTAVUS
WENDY,GWEN
GWEN,GWENDOLYN
WENDY,GWENDOLYN
HAM,HAMILTON
NAN,HANNAH
NANNY,HANNAH
ANNA,HANNAH
HAL,HAROLD
HARRY,HAROLD
HATTIE,HARRIET
HAROLD,HARRY
HENRY,HARRY
HASSIE,HASELTINE
HETTY,HEATHER
LENA,HELEN
ELLA,HELEN
ELLEN,HELEN
ELLIE,HELEN
EILEEN,HELENA
LENA,HELENA
NELL,HELENA
NELLIE,HELENA
ELEANOR,HELENA
ELAINE,HELENA
ELLEN,HELENA
AILEEN,HELENA
LENA,HELENE
ELLA,HELENE
ELLEN,HELENE
ELLIE,HELENE
LOIS,HELOISE
ELOISE,HELOISE
ELOUISE,HELOISE
HANK,HENRIETTA
ETTA,HENRIETTA
ETTY,HENRIETTA
RETTA,HENRIETTA
NETTIE,HENRIETTA
HANK,HENRY
HAL,HENRY
HARRY,HENRY
HIPSIE,HEPHSIBAH
HIPSIE,HEPSIBAH
BERT,HERBERT
HERB,HERBERT
HARMAN,HERMAN
DUTCH,HERMAN
HERMIE,HERMIONE
HESSY,HESTER
ESTHER,HESTER
HETTY,HESTER
HY,HEZEKIAH
HEZ,HEZEKIAH
KIAH,HEZEKIAH
HY,HIRAM
HONEY,HONORA
NORA,HONORA
NORRY,HONORA
NORAH,HONORA
HOPP,HOPKINS
HOP,HOPKINS
HORRY,HORACE
HARTY,HORTENSE
TENSEY,HORTENSE
HOSEY,HOSEA
HOSIE,HOSEA
HAL,HOWARD
HOWIE,HOWARD
BERT,HUBERT
HUGH,HUBERT
HUB,HUBERT
JOHN,IAN
NATIUS,IGNATIUS
IGGY,IGNATIUS
NATE,IGNATIUS
NACE,IGNATIUS
NAZ,IGNATZIO
IGGY,IGNATZIO
NACE,IGNATZIO
MANUEL,IMMANUEL
EMMANUEL,IMMANUEL
INDIE,INDIA
INDY,INDIA
AGNES,INEZ
ONNIE,IONA
RENA,IRENE
IRVING,IRVIN
IRV,IRVING
ERWIN,IRWIN
IKE,ISAAC
ZEKE,ISAAC
TIBBIE,ISABEL
BELL,ISABEL
NIB,ISABEL
BELLE,ISABEL
BELLA,ISABEL
NIBBY,ISABEL
IB,ISABEL
ISSY,ISABEL
TIBBIE,ISABELLA
NIB,ISABELLA
BELLE,ISABELLA
BELLA,ISABELLA
NIBBY,ISABELLA
IB,ISABELLA
ISSY,ISABELLA
TIBBIE,ISABELLE
NIB,ISABELLE
BELLE,ISABELLE
BELLA,ISABELLE
NIBBY,ISABELLE
IB,ISABELLE
ISSY,ISABELLE
ISSY,ISADORA
DORA,ISADORA
ZADIE,ISAIAH
ZAY,ISAIAH
IZZY,ISIDORE
IVY,IVA
JOHN,IVAN
JACK,JACKSON
JAAP,JACOB
JAKE,JACOB
JAY,JACOB
JACOB,JACOBUS
JACKIE,JACQUELINE
JACK,JACQUELINE
HODY,JAHODA
HODIE,JAHODA
HODA,JAHODA
JAKE,JAKOB
JIMMY,JAMES
JIM,JAMES
JAMIE,JAMES
JIMMIE,JAMES
JEM,JAMES
JAMES,JAMIE
JANIE,JANE
JESSIE,JANE
JEAN,JANE
JENNIE,JANE
JAN,JANET
JESSIE,JANET
JAN,JANICE
NETTIE,JANNETT
JAP,JASPER
CASPER,JASPER
JAY,JAYME
JANE,JEAN
JEANNIE,JEAN
JESSIE,JEANETTE
JEAN,JEANETTE
JANET,JEANETTE
NETTIE,JEANETTE
JANE,JEANNE
JEANNIE,JEANNE
JEB,JEBADIAH
DYER,JEDEDIAH
JED,JEDEDIAH
DIAH,JEDEDIAH
DYER,JEDIDIAH
JED,JEDIDIAH
DIAH,JEDIDIAH
JEFF,JEFFEREY
SONNY,JEFFERSON
JEFF,JEFFERSON
JEFF,JEFFERY
GEOFF,JEFFREY
JEFF,JEFFREY
HIEL,JEHIEL
HUGH,JEHU
GEE,JEHU
MIMA,JEMIMA
JESSIE,JENNET
JENNY,JENNET
JENN,JENNET
JENNIE,JENNIFER
JENN,JENNIFER
JEN,JENNIFER
JENNY,JENNIFER
JEREME,JEREMIAH
JERRY,JEREMIAH
JEZZA,JEREMY
JEZ,JEREMY
RITA,JERITA
JEREME,JERRY
GERALDINE,JERRY
JESSIE,JESSICA
JANE,JESSIE
JESS,JESSIE
JANET,JESSIE
JIMMIE,JIM
JANE,JINCY
JANE,JINSY
JO,JOAN
NONIE,JOAN
JO,JOANN
HANNAH,JOANNA
JODY,JOANNA
JO,JOANNA
JOAN,JOANNA
JO,JOANNE
JO,JODY
JOEY,JOE
JO,JOHANNA
HANNAH,JOHANNAH
JODY,JOHANNAH
JOAN,JOHANNAH
NONIE,JOHANNAH
JONATHAN,JOHANNES
JOHN,JOHANNES
JOHNNY,JOHANNES
JACK,JOHN
JOHNNY,JOHN
JOCK,JOHN
IAN,JOHN
JOHN,JONATHAN
NATHAN,JONATHAN
JON,JONATHAN
JONNY,JONATHAN
JONNIE,JONATHAN
JON,JONATHON
JONNY,JONATHON
JONNIE,JONATHON
JODY,JOSEPH
JOS,JOSEPH
JOE,JOSEPH
JOEY,JOSEPH
FINA,JOSEPHINE
JODY,JOSEPHINE
JO,JOSEPHINE
JOSEY,JOSEPHINE
JOEY,JOSEPHINE
JOSIE,JOSEPHINE
JETTIE,JOSETTA
JOSOPHINE,JOSEY
JOS,JOSHUA
JOSH,JOSHUA
JOS,JOSIAH
JOY,JOYCE
NITA,JUANITA
NETTIE,JUANITA
JUDER,JUDAH
JUDE,JUDAH
JUDIE,JUDITH
JUDA,JUDITH
JUDY,JUDITH
JUDI,JUDITH
JUDE,JUDITH
SONNY,JUDSON
JUD,JUDSON
JUDITH,JUDY
JULIE,JULIA
JILL,JULIA
JULE,JULIAN
JULE,JULIAS
JULIA,JULIE
JULE,JULIE
JUNIUS,JUNE
JUNIE,JUNIOR
JUNE,JUNIOR
JR,JUNIOR
JUSTUS,JUSTIN
JUSTINA,JUSTIN
KAIT,KAITLIN
KAITIE,KAITLIN
KAIT,KAITLYN
KAITIE,KAITLYN
KAIT,KAITLYNN
KAITIE,KAITLYNN
KAM,KAMERON
KARON,KARONHAPPUCK
KAREN,KARONHAPPUCK
CARRIE,KARONHAPPUCK
HAPPY,KARONHAPPUCK
K.C.,KASEY
CATHERINE,KATARINA
TINA,KATARINA
KAY,KATE
KAY,KATELIN
KATE,KATELIN
KAYE,KATELIN
KAY,KATELYN
KATE,KATELYN
KAYE,KATELYN
KATHY,KATHERINE
KATY,KATHERINE
LENA,KATHERINE
KITTIE,KATHERINE
KAYE,KATHERINE
KIT,KATHERINE
TRINA,KATHERINE
CATHY,KATHERINE
KAY,KATHERINE
KATE,KATHERINE
CASSIE,KATHERINE
KATHY,KATHLEEN
KATY,KATHLEEN
LENA,KATHLEEN
KITTIE,KATHLEEN
KIT,KATHLEEN
TRINA,KATHLEEN
CATHY,KATHLEEN
KAY,KATHLEEN
CASSIE,KATHLEEN
KATHY,KATHRYN
KATIE,KATHRYN
KATHY,KATY
KATIE,KATY
KAY,KAYLA
KEN,KENDALL
KENNY,KENDALL
KENJ,KENDRA
KENJI,KENDRA
KAY,KENDRA
KENNY,KENDRA
KEN,KENDRICK
KENNY,KENDRICK
KEN,KENDRIK
KENNY,KENDRIK
KEN,KENNETH
KENNY,KENNETH
KENDRICK,KENNETH
KEN,KENNY
KENNETH,KENNY
KEN,KENT
KENNY,KENT
KENDRICK,KENT
KIZZA,KEZIAH
KIZZIE,KEZIAH
KIMBERLY,KIM
KIMBERLEY,KIM
KIM,KIMBERLEY
KIM,KIMBERLY
KING,KINGSLEY
KING,KINGSTON
KITTIE,KIT
CHRIS,KRIS
KRIS,KRISTEL
CHRIS,KRISTEN
CHRIS,KRISTIN
KRIS,KRISTINE
KRISTY,KRISTINE
TINA,KRISTINE
CHRISTY,KRISTINE
CHRIS,KRISTINE
CRISSY,KRISTINE
CHRIS,KRISTOPHER
KRIS,KRISTOPHER
CHRIS,KRISTY
LAFFIE,LAFAYETTE
FATE,LAFAYETTE
MONTY,LAMONT
DICY,LAODICIA
CENIA,LAODICIA
LAURENCE,LARRY
LAWRENCE,LARRY
REN,LAUREN
LAURIE,LAUREN
LORRY,LAURENCE
LARRY,LAURENCE
LON,LAURENCE
LONNY,LAURENCE
LORNE,LAURENCE
LAURA,LAURINDA
LAWRENCE,LAURINDA
LAURIE,LAURYN
VEDA,LAVEDA
VERNON,LAVERNE
VERNA,LAVERNE
VINA,LAVINA
VINEY,LAVINA
INA,LAVINA
VINA,LAVINIA
VINEY,LAVINIA
INA,LAVINIA
VINA,LAVONIA
VONNIE,LAVONIA
WYNCHA,LAVONIA
VINEY,LAVONIA
VON,LAVONNE
LORRY,LAWRENCE
LARRY,LAWRENCE
LON,LAWRENCE
LONNY,LAWRENCE
LORNE,LAWRENCE
LEA,LEANNE
ANNIE,LEANNE
CURG,LECURGUS
LEM,LEMUEL
ELLEN,LENA
NORA,LENORA
LEE,LENORA
LEON,LEO
LINEAU,LEONARD
LEO,LEONARD
LEON,LEONARD
LEN,LEONARD
LENNY,LEONARD
LEE,LEONIDAS
LEON,LEONIDAS
NORA,LEONORA
NELL,LEONORA
NELLIE,LEONORA
NORA,LEONORE
HONOR,LEONORE
ELENOR,LEONORE
ROY,LEROY
LEE,LEROY
L.R.,LEROY
LES,LESLIE
LES,LESTER
TISH,LETITIA
TITIA,LETITIA
LETTICE,LETITIA
LETTIE,LETITIA
LEE,LEVI
VICY,LEVICY
VON,LEVONE
LIBBY,LIB
LYDDY,LIDIA
LILLY,LIL
LILY,LIL
LIL,LILLAH
LILLY,LILLAH
LILY,LILLAH
LOLLY,LILLAH
LIL,LILLIAN
LILLY,LILLIAN
LOLLY,LILLIAN
LILY,LILLY
LIL,LILLY
LINK,LINCOLN
LINDY,LINDA
LYNN,LINDA
LYNN,LINDY
LEON,LIONEL
LIZ,LISA
LITTLE,LITTLEBERRY
BERRY,LITTLEBERRY
L.B.,LITTLEBERRY
LIZ,LIZZIE
LOU,LOIS
LOUISE,LOIS
LON,LONZO
LOREN,LORENZO
ETTA,LORETTA
LORRIE,LORETTA
RETTA,LORETTA
LORRIE,LORRAINE
LOTTIE,LOTTA
LOUIS,LOU
LU,LOU
LEWIS,LOUIS
LOUISE,LOUIS
LOUIE,LOUIS
LOU,LOUIS
ELIZA,LOUISA
LOU,LOUISA
LOIS,LOUISA
ELIZA,LOUISE
LOU,LOUISE
LOIS,LOUISE
VINA,LOUVINIA
VONNIE,LOUVINIA
WYNCHA,LOUVINIA
VINEY,LOUVINIA
LUKE,LUCAS
LUCY,LUCIA
LUCIUS,LUCIA
LUKE,LUCIAS
CILLE,LUCILLE
LU,LUCILLE
LUCY,LUCILLE
LOU,LUCILLE
SINAH,LUCINA
LU,LUCINDA
LUCY,LUCINDA
CINDY,LUCINDA
LOU,LUCINDA
CREASEY,LUCRETIA
LUCINDA,LUCY
LULA,LUELLA
ELLA,LUELLA
LU,LUELLA
LUCAS,LUKE
NETTIE,LUNETTA
LURA,LURANA
LUKE,LUTHER
LYDDY,LYDIA
LINDY,LYNDON
LYNN,LYNDON
MEHITABEL,MABEL
AMABEL,MABEL
MC,MAC
MAC,MACK
MC,MACK
KENZY,MACKENZIE
MAC,MACKENZIE
MACK,MACKENZIE
MADDIE,MADDISON
MADDI,MADDISON
MADELYN,MADDY
MADELINE,MADDY
MADGE,MADDY
MAGGIE,MADELINE
LENA,MADELINE
MAGDA,MADELINE
MADDY,MADELINE
MADGE,MADELINE
MADDIE,MADELINE
MADDI,MADELINE
MADELINE,MADIE
MADELYN,MADIE
MATTIE,MADISON
MADDY,MADISON
MEG,MAEGEN
MAGGIE,MAGDALENA
LENA,MAGDALENA
LENA,MAGDELINA
MAGDA,MAGDELINA
MADGE,MAGDELINA
HALLIE,MAHALA
KAYLA,MAKAYLA
MALLY,MALACHI
MAC,MALCOLM
MAL,MALCOLM
MALC,MALCOLM
LINDY,MALINDA
MANDY,MANDA
AMANDA,MANDIE
AMANDA,MANDY
MINERVA,MANERVA
NERVIE,MANERVA
EVE,MANERVA
NERVA,MANERVA
MANUEL,MANNY
NOAH,MANOAH
NONNIE,MANOLA
EMANUEL,MANUEL
MANNY,MANUEL
MARK,MARCUS
MAGGIE,MARGARET
MEG,MARGARET
PEG,MARGARET
MIDGE,MARGARET
MARGY,MARGARET
MARGIE,MARGARET
MADGE,MARGARET
PEGGY,MARGARET
MAGGY,MARGARET
MARGE,MARGARET
DAISY,MARGARET
MARGERY,MARGARET
GRETTA,MARGARET
RITA,MARGARET
MAGGIE,MARGARETTA
MEG,MARGARETTA
PEG,MARGARETTA
MIDGE,MARGARETTA
MARGIE,MARGARETTA
MADGE,MARGARETTA
PEGGY,MARGARETTA
MARGE,MARGARETTA
DAISY,MARGARETTA
MARGERY,MARGARETTA
GRETTA,MARGARETTA
RITA,MARGARETTA
MAGGIE,MARGARITA
MEG,MARGARITA
METTA,MARGARITA
MIDGE,MARGARITA
GRETA,MARGARITA
MEGAN,MARGARITA
MAISIE,MARGARITA
MADGE,MARGARITA
MARGE,MARGARITA
DAISY,MARGARITA
PEGGIE,MARGARITA
RITA,MARGARITA
MARGO,MARGARITA
MARGERY,MARGE
MARGARET,MARGE
MARGARETTA,MARGE
MARJORIE,MARGIE
MARGIE,MARGIE
PEGGY,MARGUERITE
MARY,MARIAH
MARIA,MARIAH
MARIANNA,MARIAN
MARION,MARIAN
MAE,MARIE
MARIAH,MARIETTA
MERCY,MARIETTA
POLLY,MARIETTA
MAY,MARIETTA
MOLLY,MARIETTA
MITZI,MARIETTA
MINNIE,MARIETTA
MOLLIE,MARIETTA
MAE,MARIETTA
MAUREEN,MARIETTA
MARION,MARIETTA
MARIE,MARIETTA
MAMIE,MARIETTA
MARY,MARIETTA
MARIA,MARIETTA
MARY,MARILYN
MARY,MARION
RISSA,MARISSA
MARGIE,MARJORIE
MARGY,MARJORIE
MARGIE,MARJORIE
MARCIE,MARSHA
MARY,MARSHA
MARTY,MARTHA
MATTIE,MARTHA
MAT,MARTHA
PATSY,MARTHA
PATTY,MARTHA
MARTY,MARTIN
TINA,MARTINA
TINE,MARTINE
MARVIN,MARV
MARV,MARVIN
MAMIE,MARY
MOLLY,MARY
MAE,MARY
POLLY,MARY
MITZI,MARY
MASA,MASAYUKI
MATTIE,MAT
MAT,MATHEW
MATY,MATHEW
TILLIE,MATHILDA
PATTY,MATHILDA
TILLY,MATILDA
MAUD,MATILDA
MATTY,MATILDA
THYS,MATTHEW
MATT,MATTHEW
THIAS,MATTHEW
MATTIE,MATTHEW
MATTY,MATTHEW
THYS,MATTHIAS
MATT,MATTHIAS
THIAS,MATTHIAS
MIDDY,MAUD
MARY,MAUREEN
MOREY,MAURICE
MAVE,MAVERY
MAVE,MAVINE
MAX,MAXIMILLIAN
MAX,MAXINE
MAX,MAXWELL
MAE,MAY
KEN,MCKENNA
KENNA,MCKENNA
MEAKA,MCKENNA
DORA,MEDORA
MEG,MEGAN
MEG,MEGHAN
HETTY,MEHITABEL
MITTY,MEHITABEL
MABEL,MEHITABEL
HITTY,MEHITABEL
MELLIE,MELANIE
ZADOCK,MELCHIZEDEK
DICK,MELCHIZEDEK
LINDA,MELINDA
MEL,MELINDA
LYNN,MELINDA
MINDY,MELINDA
LINDY,MELINDA
LISA,MELISSA
MEL,MELISSA
MISSY,MELISSA
MILLY,MELISSA
LISSA,MELISSA
MELLIA,MELLONY
LODI,MELODY
MEL,MELVIN
VINA,MELVINA
MERCI,MERCEDES
SADIE,MERCEDES
MERCY,MERCEDES
MERVIN,MERV
MERV,MERVYN
CAGE,MICAJAH
MICKY,MICHAEL
MIKE,MICHAEL
MICAH,MICHAEL
MICK,MICHAEL
MIKEY,MICHAEL
MIKE,MICHEAL
MIKY,MICHEAL
MIKEY,MICHEAL
MICKEY,MICHELLE
MICKY,MICK
MICKY,MIKE
MICK,MIKE
MICHAEL,MIKE
MILLY,MILDRED
MISSY,MILLICENT
MILLY,MILLICENT
MINNIE,MINERVA
WILHELMINA,MINNIE
RANDY,MIRANDA
MANDY,MIRANDA
MIRA,MIRANDA
MIMI,MIRIAM
MITZI,MIRIAM
MITZIE,MIRIAM
MELISSA,MISSY
MITCHELL,MITCH
MITCH,MITCHELL
MARY,MITZI
MITTIE,MITZI
MITTY,MITZI
MITTIE,MITZIE
MITTY,MITZIE
NETTIE,MONET
MONNA,MONICA
MONNIE,MONICA
MONTE,MONTELEON
MONTY,MONTESQUE
MONTY,MONTGOMERY
GUM,MONTGOMERY
LAMONT,MONTY
MOREY,MORRIS
MORT,MORTIMER
AMOS,MOSES
MOSE,MOSES
MOSS,MOSES
MUR,MURIEL
MYRT,MYRTLE
MYRTI,MYRTLE
MERT,MYRTLE
NADA,NADINE
DEEDEE,NADINE
ANN,NANCY
NAN,NANCY
NANNY,NANCY
OMI,NAOMI
NAP,NAPOLEON
NAPPY,NAPOLEON
LEON,NAPOLEON
NATTY,NATALIE
NETTIE,NATALIE
TASHA,NATASHA
NAT,NATASHA
NATE,NATHAN
NAT,NATHAN
THAN,NATHANIEL
NATHAN,NATHANIEL
NATE,NATHANIEL
NAT,NATHANIEL
NATTY,NATHANIEL
NELLY,NELLE
NELS,NELSON
NEWTON,NEWT
NICK,NICHOLAS
CLAES,NICHOLAS
CLAAS,NICHOLAS
NIC,NICHOLAS
NICKY,NICHOLAS
NICO,NICHOLAS
NICKIE,NICHOLAS
NICK,NICODEMUS
NIC,NICODEMUS
NICKY,NICODEMUS
NICO,NICODEMUS
NICKIE,NICODEMUS
NOLE,NICOLE
NIKKI,NICOLE
COLE,NICOLE
NICK,NIKOLAS
CLAES,NIKOLAS
NIC,NIKOLAS
NICKY,NIKOLAS
NICO,NIKOLAS
NICKIE,NIKOLAS
NIKKI,NIKOLE
NONIE,NORA
BERT,NORBERT
NORBY,NORBERT
NORBU,NORBUSAMTE
NOEL,NOWELL
DYER,OBADIAH
OBED,OBADIAH
OBIE,OBADIAH
DIAH,OBADIAH
OBED,OBEDIENCE
BEDA,OBEDIENCE
BEEDY,OBEDIENCE
BIDDIE,OBEDIENCE
OBEDIAH,OBIE
TAVE,OCTAVIA
TAVIA,OCTAVIA
ODO,ODELL
NOLLIE,OLIVE
LIVIA,OLIVE
OLLIE,OLIVE
OLLIE,OLIVER
NOLLIE,OLIVIA
LIVIA,OLIVIA
OLLIE,OLIVIA
OLIVER,OLLIE
CYPHORUS,ONICYPHOROUS
OSAFORUS,ONICYPHOROUS
SYPHOROUS,ONICYPHOROUS
ONE,ONICYPHOROUS
CY,ONICYPHOROUS
OSAFORUM,ONICYPHOROUS
RILLY,ORILLA
ORA,ORILLA
ROLAND,ORLANDO
PHELIA,ORPHELIA
OZZY,OSSY
OZZY,OSWALD
WALDO,OSWALD
OSSY,OSWALD
ODE,OTIS
OTE,OTIS
PAM,PAMELA
DORA,PANDORA
AMELIA,PARMELIA
MILLY,PARMELIA
MELIA,PARMELIA
TEENY,PARTHENIA
PARSUNY,PARTHENIA
PASOONIE,PARTHENIA
PHENIE,PARTHENIA
PAT,PATIENCE
PATTY,PATIENCE
TRICIA,PATRICIA
PAT,PATRICIA
PATSY,PATRICIA
PATTY,PATRICIA
PATTI,PATRICIA
PATE,PATRICK
PETER,PATRICK
PAT,PATRICK
PATSY,PATRICK
PADDY,PATRICK
PATTY,PATSY
PATRICIA,PATTY
POLLY,PAUL
POLLY,PAULA
LINA,PAULA
POLLY,PAULINA
LINA,PAULINA
POLLY,PAULINE
PEG,PEGGY
PERRY,PELEGRINE
PENNY,PENELOPE
PERCY,PERCIVAL
PERRY,PEREGRINE
MELLY,PERMELIA
MILLY,PERMELIA
MELLIE,PERMELIA
NETTIE,PERNETTA
SEPH,PERSEPHONE
SEPHY,PERSEPHONE
PETE,PETER
PATE,PETER
NELLIE,PETRONELLA
JOSEPHINE,PHENEY
PHERBIA,PHERIBA
FERBIE,PHERIBA
DELPHIA,PHILADELPHIA
FIE,PHILANDER
LEET,PHILETUS
PHIL,PHILETUS
LINDA,PHILINDA
LYNN,PHILINDA
LINDY,PHILINDA
PHIL,PHILIP
PHOEBE,PHILIPINA
PENIE,PHILIPINA
PHIL,PHILLIP
DELPHIA,PHILLY
MENAALMENA,PHILOMENA
FIFI,PHOEBE
PINK,PINCKNEY
PLES,PLEASANT
POKEY,POCAHONTAS
HUMEY,POSTHUMA
SCOTTY,PRESCOTT
SCOTT,PRESCOTT
PRES,PRESCOTT
PRISSY,PRISCILLA
CISSY,PRISCILLA
CILLA,PRISCILLA
PROVY,PROVIDENCE
PRUE,PRUDENCE
PRUDY,PRUDENCE
PRUDENCE,PRUDY
SHELLY,RACHEL
RAFA,RAFAELA
MONA,RAMONA
DOLPH,RANDOLPH
RANDY,RANDOLPH
RALPH,RAPHAEL
RAYMOND,RAY
RAY,RAYMOND
BECK,REBA
BECCA,REBA
BECK,REBECCA
BECCA,REBECCA
REBA,REBECCA
BECKY,REBECCA
REGINALD,REGGIE
REG,REGGIE
REGGIE,REGINA
GINA,REGINA
REGGIE,REGINALD
NALDO,REGINALD
REG,REGINALD
RENNY,REGINALD
LEAFA,RELIEF
RUBE,REUBEN
REGINALD,REYNOLD
RODIE,RHODA
DELLA,RHODELLA
RHYNIE,RHYNA
RICK,RICARDO
RICKY,RICARDO
DICK,RICH
RICK,RICH
DICK,RICHARD
DICKON,RICHARD
DICKIE,RICHARD
DICKY,RICHARD
RICK,RICHARD
RICH,RICHARD
RICKY,RICHARD
RICHIE,RICHARD
RICKY,RICK
DICK,RICKY
RICH,RICKY
HOB,ROBERT
HOBKIN,ROBERT
DOB,ROBERT
ROB,ROBERT
BOBBY,ROBERT
DOBBIN,ROBERT
BOB,ROBERT
ROBBIE,ROBERTA
BERT,ROBERTA
BOBBIE,ROBERTA
BIRDIE,ROBERTA
BERTIE,ROBERTA
ROD,RODERICK
ERICK,RODERICK
RICKIE,RODERICK
RODDY,RODERICK
ROGE,RODGER
BOBBY,RODGER
HODGE,RODGER
ROD,RODGER
ROBBY,RODGER
RUPERT,RODGER
ROBIN,RODGER
ROD,RODNEY
ROGE,ROGER
BOBBY,ROGER
HODGE,ROGER
ROD,ROGER
ROBBY,ROGER
RUPERT,ROGER
ROBIN,ROGER
ROLLO,ROLAND
LANNY,ROLAND
ORLANDO,ROLAND
ROLLY,ROLAND
RONNIE,RON
RONNY,RON
NALDO,RONALD
RON,RONALD
RONNY,RONALD
RONNIE,RONALD
RONALD,RONNY
ROSE,ROSA
BELLE,ROSABEL
ROZ,ROSABEL
ROSA,ROSABEL
ROSE,ROSABEL
BELLE,ROSABELLA
ROZ,ROSABELLA
ROSA,ROSABELLA
ROSE,ROSABELLA
LINDA,ROSALINDA
ROZ,ROSALINDA
ROSA,ROSALINDA
ROSE,ROSALINDA
LINDA,ROSALYN
ROZ,ROSALYN
ROSA,ROSALYN
ROSE,ROSALYN
ROSS,ROSCOE
ROSIE,ROSE
ROSE,ROSEANN
ANN,ROSEANN
ROSIE,ROSEANN
ROZ,ROSEANN
ROSE,ROSEANNA
ANN,ROSEANNA
ROSIE,ROSEANNA
ROZ,ROSEANNA
ANN,ROSEANNE
SINA,ROSINA
ROX,ROXANE
ROXIE,ROXANE
ROXIE,ROXANNA
ROSE,ROXANNA
ANN,ROXANNA
ROXIE,ROXANNE
ROSE,ROXANNE
ANN,ROXANNE
DOLPH,RUDOLPH
RUDY,RUDOLPH
OLPH,RUDOLPH
ROLF,RUDOLPH
DOLPH,RUDOLPHUS
RUDY,RUDOLPHUS
OLPH,RUDOLPHUS
ROLF,RUDOLPHUS
RUSS,RUSSELL
RUSTY,RUSSELL
RY,RYAN
BRINA,SABRINA
SAFIE,SAFIEEL
LOOMIE,SALOME
SAL,SALVADOR
SAMMY,SAMANTHA
SAM,SAMANTHA
MANTHA,SAMANTHA
SAMUEL,SAMMY
SAM,SAMPSON
SAM,SAMSON
SAMMY,SAMUEL
SAM,SAMUEL
MYRA,SAMYRA
SANDY,SANDRA
CASSANDRA,SANDRA
SANDRA,SANDY
SANDY,SANFORD
SALLY,SARAH
SADIE,SARAH
SILLA,SARILLA
VANNIE,SAVANNAH
ANNA,SAVANNAH
SCOTTY,SCOTT
SCEETER,SCOTT
SQUAT,SCOTT
SCOTTIE,SCOTT
SEBBY,SEBASTIAN
SEB,SEBASTIAN
ANSELM,SELMA
RENA,SERENA
RILLA,SERILLA
SEE,SEYMOUR
MOREY,SEYMOUR
SHA,SHAINA
SHAY,SHAINA
SHA,SHARON
SHAY,SHARON
CECILIA,SHEILA
SHELLY,SHELDON
TONY,SHELTON
SHEL,SHELTON
SHELLY,SHELTON
DAN,SHERIDAN
DANNY,SHERIDAN
SHER,SHERIDAN
SHER,SHERYL
SHERRY,SHIRLEY
LEE,SHIRLEY
SHIRL,SHIRLEY
SYBILL,SIBBILLA
SIBBIE,SIBBILLA
SIBBELL,SIBBILLA
SYD,SIDNEY
SID,SIDNEY
SID,SIGFIRED
SID,SIGFRID
SIG,SIGISMUND
SI,SILAS
LILEY,SILENCE
VESTER,SILVESTER
SI,SILVESTER
SLY,SILVESTER
VEST,SILVESTER
SYL,SILVESTER
SI,SIMEON
SION,SIMEON
SI,SIMON
SION,SIMON
SMITTY,SMITH
CRATE,SOCRATES
SAL,SOLOMON
SALMON,SOLOMON
SOL,SOLOMON
SOLLY,SOLOMON
SAUL,SOLOMON
ZOLLY,SOLOMON
DRE,SONDRA
SONNIE,SONDRA
SOPHIE,SOPHIA
FRONA,SOPHRONIA
SOPHIA,SOPHRONIA
FRONIA,SOPHRONIA
STEVE,STEPHAN
STEPHEN,STEPHANIE
STEPHIE,STEPHANIE
ANNIE,STEPHANIE
STEPH,STEPHANIE
STEVE,STEPHEN
STEPH,STEPHEN
STEVIE,STEVE
STEVE,STEVEN
STEPH,STEVEN
STEVIE,STEVEN
STU,STUART
SUSIE,SUE
SUSAN,SUE
SULLY,SULLIVAN
VAN,SULLIVAN
SULLIVAN,SULLY
HANNAH,SUSAN
SUSIE,SUSAN
SUE,SUSAN
SUKEY,SUSAN
SUZIE,SUSAN
HANNAH,SUSANNAH
SUSIE,SUSANNAH
SUE,SUSANNAH
SUKEY,SUSANNAH
SUZIE,SUSIE
SUKI,SUZANNE
SUE,SUZANNE
SUSIE,SUZANNE
SIBBIE,SYBILL
SID,SYDNEY
SLY,SYLVANUS
SYL,SYLVANUS
SY,SYLVESTER
SLY,SYLVESTER
VET,SYLVESTER
SYL,SYLVESTER
VESTER,SYLVESTER
SI,SYLVESTER
VESSIE,SYLVESTER
TABITHA,TABBY
TABBY,TABITHA
TAMMY,TAMARRA
TANNY,TANAFRA
TASH,TASHA
TASHIE,TASHA
TEDDY,TED
TEMPY,TEMPERANCE
TERRY,TERENCE
TERRY,TERESA
TERENCE,TERRY
TERESA,TESS
THERESA,TESS
TERESA,TESSA
THERESA,TESSA
THADDEUS,THAD
THAD,THADDEUS
THEODORE,THEO
DORA,THEODORA
THEO,THEODORE
TED,THEODORE
TEDDY,THEODORE
THEO,THEODOSIA
DOSIA,THEODOSIA
THEODOSIUS,THEODOSIA
OPHI,THEOPHILUS
OTHA,THEOTHA
TESSIE,THERESA
THIRZA,THERESA
TESSA,THERESA
TERRY,THERESA
TRACY,THERESA
TESS,THERESA
THURSA,THERESA
THOMAS,THOM
TOMMY,THOM
TOM,THOM
THOM,THOMAS
TOMMY,THOMAS
TOM,THOMAS
TAMZINE,THOMASA
TIFF,TIFFANY
TIFFY,TIFFANY
TILLIE,TILFORD
TIMOTHY,TIM
TIMMY,TIM
TIMOTHY,TIMMY
TIM,TIMOTHY
TIMMY,TIMOTHY
CHRISTINA,TINA
BIAS,TOBIAS
TOBY,TOBIAS
THOMAS,TOM
TOMMY,TOM
THOMAS,TOMMY
ANTHONY,TONY
TRANNIE,TRANQUILLA
QUILLA,TRANQUILLA
PATRICIA,TRISHA
TRIXIE,TRIX
GERTRUDE,TRUDY
PHENA,TRYPHENA
EUNICE,UNICE
NICIE,UNICE
RIAH,URIAH
SULIE,URSULA
SULA,URSULA
FELTY,VALENTINA
VALLIE,VALENTINA
VAL,VALENTINA
FELTY,VALENTINE
VAL,VALERI
VAL,VALERIE
BUREN,VANBUREN
VANNIE,VANDALIA
ESSA,VANESSA
VANNA,VANESSA
NESSA,VANESSA
NICEY,VERNISEE
VONNIE,VERONICA
RON,VERONICA
RONNA,VERONICA
RONIE,VERONICA
FRONY,VERONICA
FRANKY,VERONICA
RONNIE,VERONICA
VICKI,VIC
VICKY,VIC
VICKY,VICKI
VICTORIA,VICKI
VICTORIA,VICKIE
VICTORIA,VICKY
VIC,VICTOR
VICKIE,VICTOR
VICKY,VICTOR
TORIE,VICTORIA
VIC,VICTORIA
VICKI,VICTORIA
TORY,VICTORIA
VICKY,VICTORIA
VIJ,VIJAY
VIC,VINCENT
VINCE,VINCENT
VINNIE,VINCENT
VIN,VINCENT
VINNY,VINCENT
VIC,VINCENZO
VINNIE,VINCENZO
VIN,VINCENZO
VINNY,VINCENZO
VINCE,VINCENZO
VINNY,VINSON
VINNIE,VINSON
VIN,VINSON
OLA,VIOLA
VI,VIOLA
LETTIE,VIOLETTA
JANE,VIRGINIA
JENNIE,VIRGINIA
GINNY,VIRGINIA
VIRGY,VIRGINIA
GINGER,VIRGINIA
VI,VIVIAN
VIV,VIVIAN
OZZY,WALDO
OSSY,WALDO
WALLY,WALLACE
WALT,WALLY
WALLY,WALTER
WALT,WALTER
WASH,WASHINGTON
WEBB,WEBSTER
WEN,WENDY
WES,WESLEY
WEST,WESTLEY
WES,WESTLEY
FARMBOY,WESTLEY
WILL,WILBER
BERT,WILBER
WILLY,WILBUR
WILLIE,WILBUR
WILLIE,WILDA
WILL,WILFRED
WILLIE,WILFRED
FRED,WILFRED
WIL,WILFRED
WIL,WILHELM
WILLIE,WILHELM
MINA,WILHELMINA
WILMA,WILHELMINA
WILLIE,WILHELMINA
MINNIE,WILHELMINA
BILL,WILL
WILLIE,WILL
WILBUR,WILL
FRED,WILL
WILLY,WILLIAM
BELL,WILLIAM
BELA,WILLIAM
BILL,WILLIAM
WILL,WILLIAM
BILLY,WILLIAM
WILLIE,WILLIAM
WIL,WILLIAM
WILLIAM,WILLIE
FRED,WILLIE
WILLY,WILLIS
BILL,WILLIS
WILLIAM,WILMA
BILLIE,WILMA
WILHELM,WILMA
WILL,WILSON
WILLY,WILSON
WILLIE,WILSON
FIELD,WINFIELD
WINNY,WINFIELD
WIN,WINFIELD
FREDDIE,WINIFRED
WINNIE,WINIFRED
WINNET,WINIFRED
WINNIFRED,WINNIE
FREDDIE,WINNIFRED
FREDDY,WINNIFRED
WINNY,WINNIFRED
WINNIE,WINNIFRED
FRED,WINNIFRED
WINNIFRED,WINNY
WINT,WINTON
WOODY,WOODROW
WOOD,WOODROW
DREW,WOODROW
ONIE,YEONA
ONA,YEONA
YOSHI,YOSHIHIKO
LAN,YULAN
YUL,YULAN
VONNA,YVONNE
ZACHARIAH,ZACH
ZACHY,ZACHARIAH
ZACH,ZACHARIAH
ZEKE,ZACHARIAH
ZAC,ZACHARIAH
ZACK,ZACHARIAH
ZAK,ZACHARIAH
ZAKK,ZACHARIAH
ZACHY,ZACHARY
ZACH,ZACHARY
ZEKE,ZACHARY
ZAC,ZACHARY
ZACK,ZACHARY
ZAK,ZACHARY
ZAKK,ZACHARY
ZACHY,ZACHERY
ZACH,ZACHERY
ZEKE,ZACHERY
ZAC,ZACHERY
ZACK,ZACHERY
ZAK,ZACHERY
ZAKK,ZACHERY
ZEB,ZEBEDEE
DYER,ZEDEDIAH
ZED,ZEDEDIAH
DIAH,ZEDEDIAH
ZEPH,ZEPHANIAH
